,datetime,open,high,low,close,volume,candle_body,ret1,ret3,ret7,breakout_20,breakdown_20,rsi,ema20,ema20_dist,future_return,target,open_lag1,open_lag2,open_lag3,open_lag4,open_lag5,high_lag1,high_lag2,high_lag3,high_lag4,high_lag5,low_lag1,low_lag2,low_lag3,low_lag4,low_lag5,close_lag1,close_lag2,close_lag3,close_lag4,close_lag5,candle_body_lag1,candle_body_lag2,candle_body_lag3,candle_body_lag4,candle_body_lag5,volume_lag1,volume_lag2,volume_lag3,volume_lag4,volume_lag5,rsi_lag1,rsi_lag2,rsi_lag3,rsi_lag4,rsi_lag5,ema20_dist_lag1,ema20_dist_lag2,ema20_dist_lag3,ema20_dist_lag4,ema20_dist_lag5,probability,position,strategy_return,strategy_equity
0,2026-01-01 00:00:00+00:00,87500.2,88779.3,87400.0,88731.8,1157.56340883,1231.6000000000058,0.014076555341079544,0.01832441805885332,0.01758985297827942,0.97905658066488,1.0510581440250932,49.525757876801514,88301.4868000937,0.004873227116554597,0.013548693929346605,1.0,88400.1,87135.1,87865.9,87814.4,87303.6,89067.4,89298.0,90298.9,87998.9,87913.3,87101.5,86736.5,86700.0,87364.3,87177.5,87500.1,88401.9,87135.1,87853.3,87802.6,-900.0,1266.7999999999884,-730.7999999999884,38.90000000000873,499.0,1496.3046063,1179.54982826,2800.12927258,659.23011207,416.75063851,44.596457372008494,47.768020333469316,42.427260998758,44.84102447037044,44.63454996968794,-0.00856699873420128,0.0007485170206116059,-0.013514491537555693,-0.006796419587029419,-0.008079228403400989,0.14243573,-1,-0.013548693929346605,0.9864513060706533
1,2026-01-02 00:00:00+00:00,88730.0,90900.0,88273.3,89934.0,1901.8826812,1204.0,0.013548693929346545,0.017331075463310253,0.03012934174535742,0.9893729372937293,1.0652986091204364,53.842412724168426,88456.96424770381,0.01669778931323123,0.007295349923277135,1.0,87500.2,88400.1,87135.1,87865.9,87814.4,88779.3,89067.4,89298.0,90298.9,87998.9,87400.0,87101.5,86736.5,86700.0,87364.3,88731.8,87500.1,88401.9,87135.1,87853.3,1231.6000000000058,-900.0,1266.7999999999884,-730.7999999999884,38.90000000000873,1157.56340883,1496.3046063,1179.54982826,2800.12927258,659.23011207,49.525757876801514,44.596457372008494,47.768020333469316,42.427260998758,44.84102447037044,0.004873227116554597,-0.00856699873420128,0.0007485170206116059,-0.013514491537555693,-0.006796419587029419,0.39811268,-1,-0.007295349923277135,0.9792547986105942
2,2026-01-03 00:00:00+00:00,89934.0,90677.5,89300.0,90590.1,1113.01038596,656.1000000000058,0.0072953499232770724,0.035314245355148266,0.0317473514451736,0.9965907590759077,1.0730703352467503,56.05143557728631,88660.12003363679,0.021768298595027834,0.010121415033209966,1.0,88730.0,87500.2,88400.1,87135.1,87865.9,90900.0,88779.3,89067.4,89298.0,90298.9,88273.3,87400.0,87101.5,86736.5,86700.0,89934.0,88731.8,87500.1,88401.9,87135.1,1204.0,1231.6000000000058,-900.0,1266.7999999999884,-730.7999999999884,1901.8826812,1157.56340883,1496.3046063,1179.54982826,2800.12927258,53.842412724168426,49.525757876801514,44.596457372008494,47.768020333469316,42.427260998758,0.01669778931323123,0.004873227116554597,-0.00856699873420128,0.0007485170206116059,-0.013514491537555693,0.10369259,-1,-0.010121415033209966,0.9693433543705939
3,2026-01-04 00:00:00+00:00,90590.1,91768.3,90590.0,91507.0,843.08377896,916.8999999999942,0.010121415033210068,0.03127627299344771,0.041588648349009105,0.9971526115227153,1.0839313254696086,59.004227232707365,88931.25145900472,0.028963367755851722,0.02578928387992169,1.0,89934.0,88730.0,87500.2,88400.1,87135.1,90677.5,90900.0,88779.3,89067.4,89298.0,89300.0,88273.3,87400.0,87101.5,86736.5,90590.1,89934.0,88731.8,87500.1,88401.9,656.1000000000058,1204.0,1231.6000000000058,-900.0,1266.7999999999884,1113.01038596,1901.8826812,1157.56340883,1496.3046063,1179.54982826,56.05143557728631,53.842412724168426,49.525757876801514,44.596457372008494,47.768020333469316,0.021768298595027834,0.01669778931323123,0.004873227116554597,-0.00856699873420128,0.0007485170206116059,0.11963146,-1,-0.02578928387992169,0.9443446834276151
4,2026-01-05 00:00:00+00:00,91507.0,94783.9,91489.5,93866.9,2070.65294098,2359.899999999994,0.025789283879921632,0.04373095825827833,0.0772570410775908,0.9903253611636575,1.111885138128484,65.44021805324729,89401.3132248138,0.049949901339332324,-0.0016523396426215342,0.0,90590.1,89934.0,88730.0,87500.2,88400.1,91768.3,90677.5,90900.0,88779.3,89067.4,90590.0,89300.0,88273.3,87400.0,87101.5,91507.0,90590.1,89934.0,88731.8,87500.1,916.8999999999942,656.1000000000058,1204.0,1231.6000000000058,-900.0,843.08377896,1113.01038596,1901.8826812,1157.56340883,1496.3046063,59.004227232707365,56.05143557728631,53.842412724168426,49.525757876801514,44.596457372008494,0.028963367755851722,0.021768298595027834,0.01669778931323123,0.004873227116554597,-0.00856699873420128,0.34371457,-1,0.0016523396426215342,0.9459050615843415
5,2026-01-06 00:00:00+00:00,93866.9,94401.8,91230.8,93711.8,1922.19143894,-155.09999999999127,-0.0016523396426215697,0.03445961534428155,0.06006545108193384,0.9886890073103134,1.1100479262367127,64.72105919245877,89811.83577483153,0.043423722402759074,-0.026021269466598655,0.0,91507.0,90590.1,89934.0,88730.0,87500.2,94783.9,91768.3,90677.5,90900.0,88779.3,91489.5,90590.0,89300.0,88273.3,87400.0,93866.9,91507.0,90590.1,89934.0,88731.8,2359.899999999994,916.8999999999942,656.1000000000058,1204.0,1231.6000000000058,2070.65294098,843.08377896,1113.01038596,1901.8826812,1157.56340883,65.44021805324729,59.004227232707365,56.05143557728631,53.842412724168426,49.525757876801514,0.049949901339332324,0.028963367755851722,0.021768298595027834,0.01669778931323123,0.004873227116554597,0.36186504,-1,0.026021269466598655,0.9705187120816473
6,2026-01-07 00:00:00+00:00,93711.8,93712.5,90591.9,91273.3,1459.64933288,-2438.5,-0.026021269466598662,-0.0025539029800998314,0.043122236431729855,0.9629620642324277,1.0728316701341138,54.56766763381714,89951.0228438952,0.014699967985906452,-0.0026754812195899248,0.0,93866.9,91507.0,90590.1,89934.0,88730.0,94401.8,94783.9,91768.3,90677.5,90900.0,91230.8,91489.5,90590.0,89300.0,88273.3,93711.8,93866.9,91507.0,90590.1,89934.0,-155.09999999999127,2359.899999999994,916.8999999999942,656.1000000000058,1204.0,1922.19143894,2070.65294098,843.08377896,1113.01038596,1901.8826812,64.72105919245877,65.44021805324729,59.004227232707365,56.05143557728631,53.842412724168426,0.043423722402759074,0.049949901339332324,0.028963367755851722,0.021768298595027834,0.01669778931323123,0.73598975,1,-0.0026754812195899248,0.9679221074942123
7,2026-01-08 00:00:00+00:00,91273.3,91584.7,89225.0,91029.1,1420.71893835,-244.1999999999971,-0.002675481219589937,-0.030232169167192957,0.025890379773654937,0.9603856773143964,1.0551480560185649,53.65980078541624,90053.69685876233,0.010831350352750912,-0.005667418440916242,0.0,93711.8,93866.9,91507.0,90590.1,89934.0,93712.5,94401.8,94783.9,91768.3,90677.5,90591.9,91230.8,91489.5,90590.0,89300.0,91273.3,93711.8,93866.9,91507.0,90590.1,-2438.5,-155.09999999999127,2359.899999999994,916.8999999999942,656.1000000000058,1459.64933288,1922.19143894,2070.65294098,843.08377896,1113.01038596,54.56766763381714,64.72105919245877,65.44021805324729,59.004227232707365,56.05143557728631,0.014699967985906452,0.043423722402759074,0.049949901339332324,0.028963367755851722,0.021768298595027834,0.48872688,0,-0.0,0.9679221074942123
8,2026-01-09 00:00:00+00:00,91029.1,91955.9,89603.4,90513.2,1421.7801819,-515.9000000000087,-0.005667418440916228,-0.03413230777767584,0.006440278426401491,0.9549427698163929,1.0491680904679883,51.702737557798294,90097.45906268973,0.004614346970884038,-0.0015246395000950137,0.0,91273.3,93711.8,93866.9,91507.0,90590.1,91584.7,93712.5,94401.8,94783.9,91768.3,89225.0,90591.9,91230.8,91489.5,90590.0,91029.1,91273.3,93711.8,93866.9,91507.0,-244.1999999999971,-2438.5,-155.09999999999127,2359.899999999994,916.8999999999942,1420.71893835,1459.64933288,1922.19143894,2070.65294098,843.08377896,53.65980078541624,54.56766763381714,64.72105919245877,65.44021805324729,59.004227232707365,0.010831350352750912,0.014699967985906452,0.043423722402759074,0.049949901339332324,0.028963367755851722,0.20048667,-1,0.0015246395000950137,0.9693978397723131
9,2026-01-10 00:00:00+00:00,90513.3,90699.7,90285.2,90375.2,321.48562471,-138.10000000000582,-0.0015246395000949597,-0.009839679292849124,-0.0023722238964303255,0.9534868263492007,1.0475684873550215,51.16517561872342,90123.9105805288,0.002788265820385848,0.005251440660712295,1.0,91029.1,91273.3,93711.8,93866.9,91507.0,91955.9,91584.7,93712.5,94401.8,94783.9,89603.4,89225.0,90591.9,91230.8,91489.5,90513.2,91029.1,91273.3,93711.8,93866.9,-515.9000000000087,-244.1999999999971,-2438.5,-155.09999999999127,2359.899999999994,1421.7801819,1420.71893835,1459.64933288,1922.19143894,2070.65294098,51.702737557798294,53.65980078541624,54.56766763381714,64.72105919245877,65.44021805324729,0.004614346970884038,0.010831350352750912,0.014699967985906452,0.043423722402759074,0.049949901339332324,0.7616483,1,0.005251440660712295,0.9744885750045
10,2026-01-11 00:00:00+00:00,90375.2,91132.3,90100.0,90849.8,530.87904628,474.6000000000058,0.005251440660712259,-0.001969699799294955,-0.007181964221316339,0.9584940058385444,1.0530697311043986,52.97596603127478,90193.04290619271,0.007281682407481965,0.003754548716672918,1.0,90513.3,91029.1,91273.3,93711.8,93866.9,90699.7,91955.9,91584.7,93712.5,94401.8,90285.2,89603.4,89225.0,90591.9,91230.8,90375.2,90513.2,91029.1,91273.3,93711.8,-138.10000000000582,-515.9000000000087,-244.1999999999971,-2438.5,-155.09999999999127,321.48562471,1421.7801819,1420.71893835,1459.64933288,1922.19143894,51.16517561872342,51.702737557798294,53.65980078541624,54.56766763381714,64.72105919245877,0.002788265820385848,0.004614346970884038,0.010831350352750912,0.014699967985906452,0.043423722402759074,0.58744437,0,0.0,0.9744885750045
11,2026-01-12 00:00:00+00:00,90861.1,92364.1,89995.2,91190.9,2284.21126004,329.79999999998836,0.003754548716673023,0.007487305718944848,-0.028508451861092632,0.9620927182781042,1.0570235327118838,54.28788949051065,90288.07691512675,0.009999361108576136,0.04569754218896855,1.0,90375.2,90513.3,91029.1,91273.3,93711.8,91132.3,90699.7,91955.9,91584.7,93712.5,90100.0,90285.2,89603.4,89225.0,90591.9,90849.8,90375.2,90513.2,91029.1,91273.3,474.6000000000058,-138.10000000000582,-515.9000000000087,-244.1999999999971,-2438.5,530.87904628,321.48562471,1421.7801819,1420.71893835,1459.64933288,52.97596603127478,51.16517561872342,51.702737557798294,53.65980078541624,54.56766763381714,0.007281682407481965,0.002788265820385848,0.004614346970884038,0.010831350352750912,0.014699967985906452,0.56530917,0,0.0,0.9744885750045
12,2026-01-13 00:00:00+00:00,91191.0,96476.1,90938.2,95358.1,2717.43674662,4167.100000000006,0.04569754218896849,0.05513570094450704,0.017567691582063283,0.9884116377009435,1.1009840471899295,66.56171446452052,90770.93625654325,0.050535600189163914,0.016518785504325242,1.0,90861.1,90375.2,90513.3,91029.1,91273.3,92364.1,91132.3,90699.7,91955.9,91584.7,89995.2,90100.0,90285.2,89603.4,89225.0,91190.9,90849.8,90375.2,90513.2,91029.1,329.79999999998836,474.6000000000058,-138.10000000000582,-515.9000000000087,-244.1999999999971,2284.21126004,530.87904628,321.48562471,1421.7801819,1420.71893835,54.28788949051065,52.97596603127478,51.16517561872342,51.702737557798294,53.65980078541624,0.009999361108576136,0.007281682407481965,0.002788265820385848,0.004614346970884038,0.010831350352750912,0.65111965,1,0.016518785504325242,0.9905859427514149
13,2026-01-14 00:00:00+00:00,95358.2,97899.7,94509.0,96933.3,3358.96494088,1575.1000000000058,0.016518785504325173,0.06696217272905391,0.062011563074853226,0.9901286725087003,1.1191709665091438,69.85643996580671,91357.82804163438,0.061028946045266354,-0.014173663746101791,0.0,91191.0,90861.1,90375.2,90513.3,91029.1,96476.1,92364.1,91132.3,90699.7,91955.9,90938.2,89995.2,90100.0,90285.2,89603.4,95358.1,91190.9,90849.8,90375.2,90513.2,4167.100000000006,329.79999999998836,474.6000000000058,-138.10000000000582,-515.9000000000087,2717.43674662,2284.21126004,530.87904628,321.48562471,1421.7801819,66.56171446452052,54.28788949051065,52.97596603127478,51.16517561872342,51.702737557798294,0.050535600189163914,0.009999361108576136,0.007281682407481965,0.002788265820385848,0.004614346970884038,0.60662246,1,-0.014173663746101791,0.9765457106872412
14,2026-01-15 00:00:00+00:00,96933.4,97151.1,95101.0,95559.4,1870.71045174,-1374.0,-0.014173663746101739,0.04790499929269254,0.0497676017888784,0.9760949216391879,1.1021845444059977,63.93885884600609,91757.97775195491,0.04142879280013442,-0.0005075377199940561,0.0,95358.2,91191.0,90861.1,90375.2,90513.3,97899.7,96476.1,92364.1,91132.3,90699.7,94509.0,90938.2,89995.2,90100.0,90285.2,96933.3,95358.1,91190.9,90849.8,90375.2,1575.1000000000058,4167.100000000006,329.79999999998836,474.6000000000058,-138.10000000000582,3358.96494088,2717.43674662,2284.21126004,530.87904628,321.48562471,69.85643996580671,66.56171446452052,54.28788949051065,52.97596603127478,51.16517561872342,0.061028946045266354,0.050535600189163914,0.009999361108576136,0.007281682407481965,0.002788265820385848,0.39957997,-1,0.0005075377199940561,0.9770413444707134
15,2026-01-16 00:00:00+00:00,95559.5,95800.0,94260.4,95510.9,1432.87811291,-48.60000000000582,-0.0005075377199940112,0.0016023809199217087,0.0552151509393104,0.9755995166481612,1.101625144175317,63.73361147746192,92115.39891843538,0.036861383888389755,-0.00440787386570538,0.0,96933.4,95358.2,91191.0,90861.1,90375.2,97151.1,97899.7,96476.1,92364.1,91132.3,95101.0,94509.0,90938.2,89995.2,90100.0,95559.4,96933.3,95358.1,91190.9,90849.8,-1374.0,1575.1000000000058,4167.100000000006,329.79999999998836,474.6000000000058,1870.71045174,3358.96494088,2717.43674662,2284.21126004,530.87904628,63.93885884600609,69.85643996580671,66.56171446452052,54.28788949051065,52.97596603127478,0.04142879280013442,0.061028946045266354,0.050535600189163914,0.009999361108576136,0.007281682407481965,0.44628417,0,-0.0,0.9770413444707134
16,2026-01-17 00:00:00+00:00,95510.3,95600.0,95002.6,95089.9,334.73351982,-420.40000000000873,-0.004407873865705403,-0.019017200487345565,0.05216807265710055,0.9712991970353331,1.0967693194925028,61.87680916801189,92398.68473572725,0.02912612091795446,-0.015325497239980149,0.0,95559.5,96933.4,95358.2,91191.0,90861.1,95800.0,97151.1,97899.7,96476.1,92364.1,94260.4,95101.0,94509.0,90938.2,89995.2,95510.9,95559.4,96933.3,95358.1,91190.9,-48.60000000000582,-1374.0,1575.1000000000058,4167.100000000006,329.79999999998836,1432.87811291,1870.71045174,3358.96494088,2717.43674662,2284.21126004,63.73361147746192,63.93885884600609,69.85643996580671,66.56171446452052,54.28788949051065,0.036861383888389755,0.04142879280013442,0.061028946045266354,0.050535600189163914,0.009999361108576136,0.3311181,-1,0.015325497239980149,0.9920149888987458
17,2026-01-18 00:00:00+00:00,95089.9,95480.8,93554.6,93632.6,792.58979663,-1457.2999999999884,-0.015325497239980113,-0.020163374822361635,0.030630777393015673,0.9564135538719731,1.0795063208683773,55.815033234141005,92516.20047518179,0.012067070622055013,-0.011599592449638329,0.0,95510.3,95559.5,96933.4,95358.2,91191.0,95600.0,95800.0,97151.1,97899.7,96476.1,95002.6,94260.4,95101.0,94509.0,90938.2,95089.9,95510.9,95559.4,96933.3,95358.1,-420.40000000000873,-48.60000000000582,-1374.0,1575.1000000000058,4167.100000000006,334.73351982,1432.87811291,1870.71045174,3358.96494088,2717.43674662,61.87680916801189,63.73361147746192,63.93885884600609,69.85643996580671,66.56171446452052,0.02912612091795446,0.036861383888389755,0.04142879280013442,0.061028946045266354,0.050535600189163914,0.3654835,-1,0.011599592449638329,1.003521958473904
18,2026-01-19 00:00:00+00:00,93626.8,93626.8,91866.0,92546.5,1735.79435983,-1080.300000000003,-0.011599592449638374,-0.031037295219707883,0.014865518379575171,0.945319546433748,1.0625132747426853,51.7463209595138,92519.0861442121,0.000296304869950556,-0.04577806832241096,0.0,95089.9,95510.3,95559.5,96933.4,95358.2,95480.8,95600.0,95800.0,97151.1,97899.7,93554.6,95002.6,94260.4,95101.0,94509.0,93632.6,95089.9,95510.9,95559.4,96933.3,-1457.2999999999884,-420.40000000000873,-48.60000000000582,-1374.0,1575.1000000000058,792.58979663,334.73351982,1432.87811291,1870.71045174,3358.96494088,55.815033234141005,61.87680916801189,63.73361147746192,63.93885884600609,69.85643996580671,0.012067070622055013,0.02912612091795446,0.036861383888389755,0.04142879280013442,0.061028946045266354,0.3643794,-1,0.04577806832241096,1.049461255251962
19,2026-01-20 00:00:00+00:00,92546.5,92805.9,87784.4,88309.9,2628.22252262,-4236.600000000006,-0.045778068322410936,-0.07130094783988628,-0.07391296596723307,0.9020446436505933,1.0104107551487413,39.61522047059399,92118.21127333475,-0.041341567760523106,0.012037155517105104,1.0,93626.8,95089.9,95510.3,95559.5,96933.4,93626.8,95480.8,95600.0,95800.0,97151.1,91866.0,93554.6,95002.6,94260.4,95101.0,92546.5,93632.6,95089.9,95510.9,95559.4,-1080.300000000003,-1457.2999999999884,-420.40000000000873,-48.60000000000582,-1374.0,1735.79435983,792.58979663,334.73351982,1432.87811291,1870.71045174,51.7463209595138,55.815033234141005,61.87680916801189,63.73361147746192,63.93885884600609,0.000296304869950556,0.012067070622055013,0.02912612091795446,0.036861383888389755,0.04142879280013442,0.96311164,1,0.012037155517105104,1.0620937835906061
20,2026-01-21 00:00:00+00:00,88309.9,91111.7,87200.0,89372.9,3765.13002971,1063.0,0.012037155517105047,-0.04549377033212798,-0.07799590027369341,0.9129026953095872,1.0249185779816512,43.212498222827875,91856.75305682668,-0.027040505724059992,0.0009096717237552202,1.0,92546.5,93626.8,95089.9,95510.3,95559.5,92805.9,93626.8,95480.8,95600.0,95800.0,87784.4,91866.0,93554.6,95002.6,94260.4,88309.9,92546.5,93632.6,95089.9,95510.9,-4236.600000000006,-1080.300000000003,-1457.2999999999884,-420.40000000000873,-48.60000000000582,2628.22252262,1735.79435983,792.58979663,334.73351982,1432.87811291,39.61522047059399,51.7463209595138,55.815033234141005,61.87680916801189,63.73361147746192,-0.041341567760523106,0.000296304869950556,0.012067070622055013,0.02912612091795446,0.036861383888389755,0.71077853,1,0.0009096717237552202,1.0630599402735146
21,2026-01-22 00:00:00+00:00,89372.9,90261.7,88422.6,89454.2,1500.85044825,81.30000000000291,0.0009096717237551122,-0.03341347322697241,-0.06388905748675688,0.9137331370780503,1.0258509174311927,43.48977626442708,91627.93847998604,-0.02372353363009304,0.0004560993223348139,1.0,88309.9,92546.5,93626.8,95089.9,95510.3,91111.7,92805.9,93626.8,95480.8,95600.0,87200.0,87784.4,91866.0,93554.6,95002.6,89372.9,88309.9,92546.5,93632.6,95089.9,1063.0,-4236.600000000006,-1080.300000000003,-1457.2999999999884,-420.40000000000873,3765.13002971,2628.22252262,1735.79435983,792.58979663,334.73351982,43.212498222827875,39.61522047059399,51.7463209595138,55.815033234141005,61.87680916801189,-0.027040505724059992,-0.041341567760523106,0.000296304869950556,0.012067070622055013,0.02912612091795446,0.7593913,1,0.0004560993223348139,1.0635448011918747
22,2026-01-23 00:00:00+00:00,89454.2,91099.5,88470.9,89495.0,1485.49059313,40.80000000000291,0.0004560993223348131,0.01341978645655817,-0.06298652823918516,0.9141498901426665,1.0263188073394496,43.63850658279415,91424.80148189212,-0.02110807407412686,-0.004641600089390404,0.0,89372.9,88309.9,92546.5,93626.8,95089.9,90261.7,91111.7,92805.9,93626.8,95480.8,88422.6,87200.0,87784.4,91866.0,93554.6,89454.2,89372.9,88309.9,92546.5,93632.6,81.30000000000291,1063.0,-4236.600000000006,-1080.300000000003,-1457.2999999999884,1500.85044825,3765.13002971,2628.22252262,1735.79435983,792.58979663,43.48977626442708,43.212498222827875,39.61522047059399,51.7463209595138,55.815033234141005,-0.02372353363009304,-0.027040505724059992,-0.041341567760523106,0.000296304869950556,0.012067070622055013,0.2422086,-1,0.004641600089390404,1.0684813508361575
23,2026-01-24 00:00:00+00:00,89495.0,89786.3,89038.1,89079.6,303.01299688,-415.3999999999942,-0.0046416000893904075,-0.003281755431456146,-0.06320650247818105,0.909906771930864,1.0215550458715597,42.41451618511848,91201.44895980717,-0.023265518081212373,-0.028146736177531138,0.0,89454.2,89372.9,88309.9,92546.5,93626.8,91099.5,90261.7,91111.7,92805.9,93626.8,88470.9,88422.6,87200.0,87784.4,91866.0,89495.0,89454.2,89372.9,88309.9,92546.5,40.80000000000291,81.30000000000291,1063.0,-4236.600000000006,-1080.300000000003,1485.49059313,1500.85044825,3765.13002971,2628.22252262,1735.79435983,43.63850658279415,43.48977626442708,43.212498222827875,39.61522047059399,51.7463209595138,-0.02110807407412686,-0.02372353363009304,-0.027040505724059992,-0.041341567760523106,0.000296304869950556,0.53644997,0,-0.0,1.0684813508361575
24,2026-01-25 00:00:00+00:00,89079.6,89177.0,86007.0,86572.3,2608.90318078,-2507.300000000003,-0.028146736177531162,-0.03221648620187756,-0.07540429294925066,0.884295866075177,1.0065727208250492,35.87399487759265,90760.57763030172,-0.04614644088496193,0.019349145165370348,1.0,89495.0,89454.2,89372.9,88309.9,92546.5,89786.3,91099.5,90261.7,91111.7,92805.9,89038.1,88470.9,88422.6,87200.0,87784.4,89079.6,89495.0,89454.2,89372.9,88309.9,-415.3999999999942,40.80000000000291,81.30000000000291,1063.0,-4236.600000000006,303.01299688,1485.49059313,1500.85044825,3765.13002971,2628.22252262,42.41451618511848,43.63850658279415,43.48977626442708,43.212498222827875,39.61522047059399,-0.023265518081212373,-0.02110807407412686,-0.02372353363009304,-0.027040505724059992,-0.041341567760523106,0.4645931,0,0.0,1.0684813508361575
25,2026-01-26 00:00:00+00:00,86572.3,88747.4,86430.5,88247.4,2077.30597333,1675.0999999999913,0.01934914516537045,-0.013940443600201191,-0.04645340450476254,0.9014062351570025,1.0260490425197948,42.2780885135121,90521.2273797968,-0.025119272524405576,0.009934570310286895,1.0,89079.6,89495.0,89454.2,89372.9,88309.9,89177.0,89786.3,91099.5,90261.7,91111.7,86007.0,89038.1,88470.9,88422.6,87200.0,86572.3,89079.6,89495.0,89454.2,89372.9,-2507.300000000003,-415.3999999999942,40.80000000000291,81.30000000000291,1063.0,2608.90318078,303.01299688,1485.49059313,1500.85044825,3765.13002971,35.87399487759265,42.41451618511848,43.63850658279415,43.48977626442708,43.212498222827875,-0.04614644088496193,-0.023265518081212373,-0.02110807407412686,-0.02372353363009304,-0.027040505724059992,0.4008751,0,0.0,1.0684813508361575
26,2026-01-27 00:00:00+00:00,88247.4,89436.2,87206.2,89124.1,1473.555003,876.7000000000116,0.009934570310286883,0.0004995532085909637,0.009219804348097105,0.9103613187783007,1.0362423988745102,45.354020001665205,90388.16762933995,-0.013984879464794339,0.000398320992862761,1.0,86572.3,89079.6,89495.0,89454.2,89372.9,88747.4,89177.0,89786.3,91099.5,90261.7,86430.5,86007.0,89038.1,88470.9,88422.6,88247.4,86572.3,89079.6,89495.0,89454.2,1675.0999999999913,-2507.300000000003,-415.3999999999942,40.80000000000291,81.30000000000291,2077.30597333,2608.90318078,303.01299688,1485.49059313,1500.85044825,42.2780885135121,35.87399487759265,42.41451618511848,43.63850658279415,43.48977626442708,-0.025119272524405576,-0.04614644088496193,-0.023265518081212373,-0.02110807407412686,-0.02372353363009304,0.6865957,1,0.000398320992862761,1.068906949388678
27,2026-01-28 00:00:00+00:00,89124.1,90438.3,88719.2,89159.6,1530.59557618,35.5,0.00039832099286285505,0.029886002797661737,-0.0023866295040217977,0.9107239348026603,1.0366551559756765,45.4807117009289,90271.16118845042,-0.01231358025992286,-0.052091978878326055,0.0,88247.4,86572.3,89079.6,89495.0,89454.2,89436.2,88747.4,89177.0,89786.3,91099.5,87206.2,86430.5,86007.0,89038.1,88470.9,89124.1,88247.4,86572.3,89079.6,89495.0,876.7000000000116,1675.0999999999913,-2507.300000000003,-415.3999999999942,40.80000000000291,1473.555003,2077.30597333,2608.90318078,303.01299688,1485.49059313,45.354020001665205,42.2780885135121,35.87399487759265,42.41451618511848,43.63850658279415,-0.013984879464794339,-0.025119272524405576,-0.04614644088496193,-0.023265518081212373,-0.02110807407412686,0.41480047,0,-0.0,1.068906949388678
28,2026-01-29 00:00:00+00:00,89159.7,89202.7,83220.3,84515.1,3560.06626516,-4644.599999999991,-0.05209197887832606,-0.04229359731844773,-0.055213729483914564,0.8632825228269342,1.0155587038258695,34.28232408157527,89722.96488478848,-0.05804383405603899,-0.00461929288375697,0.0,89124.1,88247.4,86572.3,89079.6,89495.0,90438.3,89436.2,88747.4,89177.0,89786.3,88719.2,87206.2,86430.5,86007.0,89038.1,89159.6,89124.1,88247.4,86572.3,89079.6,35.5,876.7000000000116,1675.0999999999913,-2507.300000000003,-415.3999999999942,1530.59557618,1473.555003,2077.30597333,2608.90318078,303.01299688,45.4807117009289,45.354020001665205,42.2780885135121,35.87399487759265,42.41451618511848,-0.01231358025992286,-0.013984879464794339,-0.025119272524405576,-0.04614644088496193,-0.023265518081212373,0.6573425,1,-0.00461929288375697,1.0639693551239686
29,2026-01-30 00:00:00+00:00,84515.1,84596.4,81000.1,84124.7,3530.88387558,-390.40000000000873,-0.004619292883756954,-0.05609481610473499,-0.06000670428515564,0.859294768012568,1.0385752610181962,33.53487693882789,89189.79680052292,-0.056790092389729784,-0.06509740896550006,0.0,89159.7,89124.1,88247.4,86572.3,89079.6,89202.7,90438.3,89436.2,88747.4,89177.0,83220.3,88719.2,87206.2,86430.5,86007.0,84515.1,89159.6,89124.1,88247.4,86572.3,-4644.599999999991,35.5,876.7000000000116,1675.0999999999913,-2507.300000000003,3560.06626516,1530.59557618,1473.555003,2077.30597333,2608.90318078,34.28232408157527,45.4807117009289,45.354020001665205,42.2780885135121,35.87399487759265,-0.05804383405603899,-0.01231358025992286,-0.013984879464794339,-0.025119272524405576,-0.04614644088496193,0.36861658,-1,0.06509740896550006,1.133231003361233
30,2026-01-31 00:00:00+00:00,84124.7,84124.7,75600.0,78648.4,5384.83063733,-5476.300000000003,-0.06509740896550009,-0.11789196003571134,-0.11709976245964293,0.8033569050773394,1.0403227513227513,25.226310849788177,88185.85424809216,-0.10815174757235516,-0.022456909485761914,0.0,84515.1,89159.7,89124.1,88247.4,86572.3,84596.4,89202.7,90438.3,89436.2,88747.4,81000.1,83220.3,88719.2,87206.2,86430.5,84124.7,84515.1,89159.6,89124.1,88247.4,-390.40000000000873,-4644.599999999991,35.5,876.7000000000116,1675.0999999999913,3530.88387558,3560.06626516,1530.59557618,1473.555003,2077.30597333,33.53487693882789,34.28232408157527,45.4807117009289,45.354020001665205,42.2780885135121,-0.056790092389729784,-0.05804383405603899,-0.01231358025992286,-0.013984879464794339,-0.025119272524405576,0.5531581,0,-0.0,1.133231003361233
31,2026-02-01 00:00:00+00:00,78648.4,79315.2,75665.8,76882.2,3709.28873436,-1766.199999999997,-0.022456909485761956,-0.09031403855642373,-0.11193072148943717,0.7853159917752557,1.0169603174603175,23.22751074391472,87109.31574827386,-0.11740553418910907,0.023243351516996132,1.0,84124.7,84515.1,89159.7,89124.1,88247.4,84124.7,84596.4,89202.7,90438.3,89436.2,75600.0,81000.1,83220.3,88719.2,87206.2,78648.4,84124.7,84515.1,89159.6,89124.1,-5476.300000000003,-390.40000000000873,-4644.599999999991,35.5,876.7000000000116,5384.83063733,3530.88387558,3560.06626516,1530.59557618,1473.555003,25.226310849788177,33.53487693882789,34.28232408157527,45.4807117009289,45.354020001665205,-0.10815174757235516,-0.056790092389729784,-0.05804383405603899,-0.01231358025992286,-0.013984879464794339,0.59068096,0,0.0,1.133231003361233
32,2026-02-02 00:00:00+00:00,76892.4,79250.0,74543.0,78669.2,3577.16204272,1776.800000000003,0.02324335151699608,-0.06485015696935625,-0.10853804191398275,0.8035693674240064,1.0553532860228325,29.328875356504085,86305.4952008192,-0.08847982603020538,-0.038225887640906446,0.0,78648.4,84124.7,84515.1,89159.7,89124.1,79315.2,84124.7,84596.4,89202.7,90438.3,75665.8,75600.0,81000.1,83220.3,88719.2,76882.2,78648.4,84124.7,84515.1,89159.6,-1766.199999999997,-5476.300000000003,-390.40000000000873,-4644.599999999991,35.5,3709.28873436,5384.83063733,3530.88387558,3560.06626516,1530.59557618,23.22751074391472,25.226310849788177,33.53487693882789,34.28232408157527,45.4807117009289,-0.11740553418910907,-0.10815174757235516,-0.056790092389729784,-0.05804383405603899,-0.01231358025992286,0.6470899,1,-0.038225887640906446,1.0899122423555547
33,2026-02-03 00:00:00+00:00,78669.2,79120.2,72865.2,75662.0,6511.58528902,-3007.199999999997,-0.0382258876409064,-0.03797152898215339,-0.1510489306483881,0.77880744530942,1.038383206249348,25.63652460173236,85291.82899121738,-0.1129044728564676,-0.03500303983505583,0.0,76892.4,78648.4,84124.7,84515.1,89159.7,79250.0,79315.2,84124.7,84596.4,89202.7,74543.0,75665.8,75600.0,81000.1,83220.3,78669.2,76882.2,78648.4,84124.7,84515.1,1776.800000000003,-1766.199999999997,-5476.300000000003,-390.40000000000873,-4644.599999999991,3577.16204272,3709.28873436,5384.83063733,3530.88387558,3560.06626516,29.328875356504085,23.22751074391472,25.226310849788177,33.53487693882789,34.28232408157527,-0.08847982603020538,-0.11740553418910907,-0.10815174757235516,-0.056790092389729784,-0.05804383405603899,0.80877644,1,-0.03500303983505583,1.0517620007196682
34,2026-02-04 00:00:00+00:00,75662.0,76866.2,71722.0,73013.6,5077.1789466,-2648.399999999994,-0.035003039835055816,-0.05031853927176888,-0.18109098739787977,0.7621461377870564,1.0180084214048688,22.901971507150705,84122.47384919669,-0.13205595771126696,-0.13909052560071009,0.0,78669.2,76892.4,78648.4,84124.7,84515.1,79120.2,79250.0,79315.2,84124.7,84596.4,72865.2,74543.0,75665.8,75600.0,81000.1,75662.0,78669.2,76882.2,78648.4,84124.7,-3007.199999999997,1776.800000000003,-1766.199999999997,-5476.300000000003,-390.40000000000873,6511.58528902,3577.16204272,3709.28873436,5384.83063733,3530.88387558,25.63652460173236,29.328875356504085,23.22751074391472,25.226310849788177,33.53487693882789,-0.1129044728564676,-0.08847982603020538,-0.11740553418910907,-0.10815174757235516,-0.056790092389729784,0.83519727,1,-0.13909052560071009,0.9054718712327151
35,2026-02-05 00:00:00+00:00,73008.9,73156.8,62308.2,62858.1,12178.16328649,-10150.799999999996,-0.1390905256007101,-0.20098208701753673,-0.2562500665561539,0.6575115062761506,1.0088254836442074,15.898808859044692,82097.29538736842,-0.23434627531382213,0.12200973303361055,1.0,75662.0,78669.2,76892.4,78648.4,84124.7,76866.2,79120.2,79250.0,79315.2,84124.7,71722.0,72865.2,74543.0,75665.8,75600.0,73013.6,75662.0,78669.2,76882.2,78648.4,-2648.399999999994,-3007.199999999997,1776.800000000003,-1766.199999999997,-5476.300000000003,5077.1789466,6511.58528902,3577.16204272,3709.28873436,5384.83063733,22.901971507150705,25.63652460173236,29.328875356504085,23.22751074391472,25.226310849788177,-0.13205595771126696,-0.1129044728564676,-0.08847982603020538,-0.11740553418910907,-0.10815174757235516,0.7177932,1,0.12200973303361055,1.0159482525112624
36,2026-02-06 00:00:00+00:00,62858.0,71695.7,60500.0,70527.4,7947.79594576,7669.399999999994,0.12200973303361051,-0.06786233512199003,-0.16163267149838279,0.738655310805942,1.1657421487603306,32.64852815080245,80995.40058857143,-0.129241913892682,-0.017845546553537935,0.0,73008.9,75662.0,78669.2,76892.4,78648.4,73156.8,76866.2,79120.2,79250.0,79315.2,62308.2,71722.0,72865.2,74543.0,75665.8,62858.1,73013.6,75662.0,78669.2,76882.2,-10150.799999999996,-2648.399999999994,-3007.199999999997,1776.800000000003,-1766.199999999997,12178.16328649,5077.1789466,6511.58528902,3577.16204272,3709.28873436,15.898808859044692,22.901971507150705,25.63652460173236,29.328875356504085,23.22751074391472,-0.23434627531382213,-0.13205595771126696,-0.1129044728564676,-0.08847982603020538,-0.11740553418910907,0.57428026,0,-0.0,1.0159482525112624
37,2026-02-07 00:00:00+00:00,70527.4,71631.2,67343.8,69268.8,3089.77802979,-1258.5999999999913,-0.017845546553537983,-0.05128907491207124,-0.11925989594193898,0.7398394476795106,1.1449388429752068,31.538428119567882,79878.58148489796,-0.13282385950862025,0.014959115792391337,1.0,62858.0,73008.9,75662.0,78669.2,76892.4,71695.7,73156.8,76866.2,79120.2,79250.0,60500.0,62308.2,71722.0,72865.2,74543.0,70527.4,62858.1,73013.6,75662.0,78669.2,7669.399999999994,-10150.799999999996,-2648.399999999994,-3007.199999999997,1776.800000000003,7947.79594576,12178.16328649,5077.1789466,6511.58528902,3577.16204272,32.64852815080245,15.898808859044692,22.901971507150705,25.63652460173236,29.328875356504085,-0.129241913892682,-0.23434627531382213,-0.13205595771126696,-0.1129044728564676,-0.08847982603020538,0.66423726,1,0.014959115792391337,1.031145940059656
38,2026-02-08 00:00:00+00:00,69249.9,72256.1,68855.4,70305.0,1952.32923557,1055.1000000000058,0.014959115792391398,0.11847160509146804,-0.08554906077089364,0.7575488196332346,1.1620661157024794,33.54191666338737,78966.81181966959,-0.10968926844165747,-0.003097930445914272,0.0,70527.4,62858.0,73008.9,75662.0,78669.2,71631.2,71695.7,73156.8,76866.2,79120.2,67343.8,60500.0,62308.2,71722.0,72865.2,69268.8,70527.4,62858.1,73013.6,75662.0,-1258.5999999999913,7669.399999999994,-10150.799999999996,-2648.399999999994,-3007.199999999997,3089.77802979,7947.79594576,12178.16328649,5077.1789466,6511.58528902,31.538428119567882,32.64852815080245,15.898808859044692,22.901971507150705,25.63652460173236,-0.13282385950862025,-0.129241913892682,-0.23434627531382213,-0.13205595771126696,-0.1129044728564676,0.7442957,1,-0.003097930445914272,1.0279515216577644
39,2026-02-09 00:00:00+00:00,70300.5,71369.9,68242.5,70087.2,3069.03393327,-213.3000000000029,-0.003097930445914221,-0.0062415458389221135,-0.10908970728061296,0.7692447841495659,1.1584661157024794,33.32118764081416,78121.13450351058,-0.10283944997175577,-0.018572578159778065,0.0,69249.9,70527.4,62858.0,73008.9,75662.0,72256.1,71631.2,71695.7,73156.8,76866.2,68855.4,67343.8,60500.0,62308.2,71722.0,70305.0,69268.8,70527.4,62858.1,73013.6,1055.1000000000058,-1258.5999999999913,7669.399999999994,-10150.799999999996,-2648.399999999994,1952.32923557,3089.77802979,7947.79594576,12178.16328649,5077.1789466,33.54191666338737,31.538428119567882,32.64852815080245,15.898808859044692,22.901971507150705,-0.10968926844165747,-0.13282385950862025,-0.129241913892682,-0.23434627531382213,-0.13205595771126696,0.5766382,0,-0.0,1.0279515216577644
40,2026-02-10 00:00:00+00:00,70103.9,70468.6,67875.1,68785.5,2629.71508706,-1318.3999999999942,-0.018572578159778086,-0.006977167209479607,-0.0908844598345272,0.7550590288640443,1.1369504132231405,31.967202466275154,77232.02645555719,-0.10936559408314511,-0.025197170915381834,0.0,70300.5,69249.9,70527.4,62858.0,73008.9,71369.9,72256.1,71631.2,71695.7,73156.8,68242.5,68855.4,67343.8,60500.0,62308.2,70087.2,70305.0,69268.8,70527.4,62858.1,-213.3000000000029,1055.1000000000058,-1258.5999999999913,7669.399999999994,-10150.799999999996,3069.03393327,1952.32923557,3089.77802979,7947.79594576,12178.16328649,33.32118764081416,33.54191666338737,31.538428119567882,32.64852815080245,15.898808859044692,-0.10283944997175577,-0.10968926844165747,-0.13282385950862025,-0.129241913892682,-0.23434627531382213,0.80392903,1,-0.025197170915381834,1.0020500514738269
41,2026-02-11 00:00:00+00:00,68796.3,69228.6,65727.7,67052.3,3232.30919447,-1744.0,-0.025197170915381872,-0.046265557214991815,-0.08164643299330543,0.7360336774625547,1.108302479338843,30.207149870627205,76262.52869788508,-0.12077004074139092,-0.012654301194739032,0.0,70103.9,70300.5,69249.9,70527.4,62858.0,70468.6,71369.9,72256.1,71631.2,71695.7,67875.1,68242.5,68855.4,67343.8,60500.0,68785.5,70087.2,70305.0,69268.8,70527.4,-1318.3999999999942,-213.3000000000029,1055.1000000000058,-1258.5999999999913,7669.399999999994,2629.71508706,3069.03393327,1952.32923557,3089.77802979,7947.79594576,31.967202466275154,33.32118764081416,33.54191666338737,31.538428119567882,32.64852815080245,-0.10936559408314511,-0.10283944997175577,-0.10968926844165747,-0.13282385950862025,-0.129241913892682,0.669982,1,-0.012654301194739032,0.9893698083102733
42,2026-02-12 00:00:00+00:00,67039.6,68353.3,65072.2,66203.8,3093.30565991,-835.8000000000029,-0.012654301194738982,-0.055408120170302055,0.053226234964149466,0.7320327781481961,1.0942776859504133,29.355047732795185,75304.55453618173,-0.12085264420240444,0.03977415193689784,1.0,68796.3,70103.9,70300.5,69249.9,70527.4,69228.6,70468.6,71369.9,72256.1,71631.2,65727.7,67875.1,68242.5,68855.4,67343.8,67052.3,68785.5,70087.2,70305.0,69268.8,-1744.0,-1318.3999999999942,-213.3000000000029,1055.1000000000058,-1258.5999999999913,3232.30919447,2629.71508706,3069.03393327,1952.32923557,3089.77802979,30.207149870627205,31.967202466275154,33.32118764081416,33.54191666338737,31.538428119567882,-0.12077004074139092,-0.10936559408314511,-0.10283944997175577,-0.10968926844165747,-0.13282385950862025,0.6228902,1,0.03977415193689784,1.0287211533877858
43,2026-02-13 00:00:00+00:00,66208.5,69437.4,65825.8,68837.0,2236.61754178,2628.5,0.03977415193689793,0.0007487043054132947,-0.023967989745829255,0.7611487610890518,1.137801652892562,35.4413437345235,74688.59696130728,-0.07834659103770183,0.013385243401077824,1.0,67039.6,68796.3,70103.9,70300.5,69249.9,68353.3,69228.6,70468.6,71369.9,72256.1,65072.2,65727.7,67875.1,68242.5,68855.4,66203.8,67052.3,68785.5,70087.2,70305.0,-835.8000000000029,-1744.0,-1318.3999999999942,-213.3000000000029,1055.1000000000058,3093.30565991,3232.30919447,2629.71508706,3069.03393327,1952.32923557,29.355047732795185,30.207149870627205,31.967202466275154,33.32118764081416,33.54191666338737,-0.12085264420240444,-0.12077004074139092,-0.10936559408314511,-0.10283944997175577,-0.10968926844165747,0.8046117,1,0.013385243401077824,1.0424908364177188
44,2026-02-14 00:00:00+00:00,68820.1,70540.0,68709.7,69758.4,2083.68571457,938.2999999999884,0.013385243401077718,0.04035804886633265,0.007068117247591932,0.7713369225206577,1.1530314049586776,37.47136201045629,74219.05439356374,-0.06010120217794869,-0.01402555104474865,0.0,66208.5,67039.6,68796.3,70103.9,70300.5,69437.4,68353.3,69228.6,70468.6,71369.9,65825.8,65072.2,65727.7,67875.1,68242.5,68837.0,66203.8,67052.3,68785.5,70087.2,2628.5,-835.8000000000029,-1744.0,-1318.3999999999942,-213.3000000000029,2236.61754178,3093.30565991,3232.30919447,2629.71508706,3069.03393327,35.4413437345235,29.355047732795185,30.207149870627205,31.967202466275154,33.32118764081416,-0.07834659103770183,-0.12085264420240444,-0.12077004074139092,-0.10936559408314511,-0.10283944997175577,0.5213569,0,-0.0,1.0424908364177188
45,2026-02-15 00:00:00+00:00,69777.8,70935.2,68049.8,68780.0,1337.85598017,-997.8000000000029,-0.014025551044748674,0.03891317416825002,-0.02169120261716806,0.7605184971411448,1.1368595041322314,36.17072647212609,73701.04921322432,-0.06677040918355515,0.0011631288165164292,1.0,68820.1,66208.5,67039.6,68796.3,70103.9,70540.0,69437.4,68353.3,69228.6,70468.6,68709.7,65825.8,65072.2,65727.7,67875.1,69758.4,68837.0,66203.8,67052.3,68785.5,938.2999999999884,2628.5,-835.8000000000029,-1744.0,-1318.3999999999942,2083.68571457,2236.61754178,3093.30565991,3232.30919447,2629.71508706,37.47136201045629,35.4413437345235,29.355047732795185,30.207149870627205,31.967202466275154,-0.06010120217794869,-0.07834659103770183,-0.12085264420240444,-0.12077004074139092,-0.10936559408314511,0.8786411,1,0.0011631288165164292,1.0437033875505104
46,2026-02-16 00:00:00+00:00,68780.0,70073.2,67271.1,68860.0,1823.8505683,80.0,0.0011631288165163678,0.00033412263753507254,-0.017509616591902644,0.7614030781206634,1.1381818181818182,36.36522167725137,73239.99690720296,-0.0598033464249396,-0.020107464420563548,0.0,69777.8,68820.1,66208.5,67039.6,68796.3,70935.2,70540.0,69437.4,68353.3,69228.6,68049.8,68709.7,65825.8,65072.2,65727.7,68780.0,69758.4,68837.0,66203.8,67052.3,-997.8000000000029,938.2999999999884,2628.5,-835.8000000000029,-1744.0,1337.85598017,2083.68571457,2236.61754178,3093.30565991,3232.30919447,36.17072647212609,37.47136201045629,35.4413437345235,29.355047732795185,30.207149870627205,-0.06677040918355515,-0.06010120217794869,-0.07834659103770183,-0.12085264420240444,-0.12077004074139092,0.8041907,1,-0.020107464420563548,1.0227171588197168
47,2026-02-17 00:00:00+00:00,68860.0,69191.0,66592.4,67475.4,2425.06462747,-1384.6000000000058,-0.020107464420563548,-0.032727241450491995,-0.0190461652528513,0.7564277762892827,1.115295867768595,34.410865919233615,72690.98767794554,-0.07175012810464197,-0.015556780693408222,0.0,68780.0,69777.8,68820.1,66208.5,67039.6,70073.2,70935.2,70540.0,69437.4,68353.3,67271.1,68049.8,68709.7,65825.8,65072.2,68860.0,68780.0,69758.4,68837.0,66203.8,80.0,-997.8000000000029,938.2999999999884,2628.5,-835.8000000000029,1823.8505683,1337.85598017,2083.68571457,2236.61754178,3093.30565991,36.36522167725137,36.17072647212609,37.47136201045629,35.4413437345235,29.355047732795185,-0.0598033464249396,-0.06677040918355515,-0.06010120217794869,-0.07834659103770183,-0.12085264420240444,0.55512327,0,-0.0,1.0227171588197168
48,2026-02-18 00:00:00+00:00,67475.4,68418.9,65838.5,66425.7,2104.3613064,-1049.699999999997,-0.015556780693408268,-0.03422942715905786,-0.009344944170446179,0.7852071719363944,1.0979454545454546,32.964464109101655,72094.2936133793,-0.07862749365127727,0.007972817749756583,1.0,68860.0,68780.0,69777.8,68820.1,66208.5,69191.0,70073.2,70935.2,70540.0,69437.4,66592.4,67271.1,68049.8,68709.7,65825.8,67475.4,68860.0,68780.0,69758.4,68837.0,-1384.6000000000058,80.0,-997.8000000000029,938.2999999999884,2628.5,2425.06462747,1823.8505683,1337.85598017,2083.68571457,2236.61754178,34.410865919233615,36.36522167725137,36.17072647212609,37.47136201045629,35.4413437345235,-0.07175012810464197,-0.0598033464249396,-0.06677040918355515,-0.06010120217794869,-0.07834659103770183,0.7526765,1,0.007972817749756583,1.0308710963365353
49,2026-02-19 00:00:00+00:00,66425.7,67296.2,65620.1,66955.3,1822.739641,529.6000000000058,0.007972817749756667,-0.027660470519895397,0.011351312160329252,0.795905364298476,1.106699173553719,34.46124761124206,71604.86565020031,-0.06493365510821686,0.015576063433365157,1.0,67475.4,68860.0,68780.0,69777.8,68820.1,68418.9,69191.0,70073.2,70935.2,70540.0,65838.5,66592.4,67271.1,68049.8,68709.7,66425.7,67475.4,68860.0,68780.0,69758.4,-1049.699999999997,-1384.6000000000058,80.0,-997.8000000000029,938.2999999999884,2104.3613064,2425.06462747,1823.8505683,1337.85598017,2083.68571457,32.964464109101655,34.410865919233615,36.36522167725137,36.17072647212609,37.47136201045629,-0.07862749365127727,-0.07175012810464197,-0.0598033464249396,-0.06677040918355515,-0.06010120217794869,0.45508325,0,0.0,1.0308710963365353
50,2026-02-20 00:00:00+00:00,66955.3,68266.3,66450.0,67998.2,2693.11013022,1042.8999999999942,0.015576063433365261,0.007748008903985859,-0.012185307320191185,0.857316126038893,1.1239371900826445,37.42429780372833,71261.37368351457,-0.045791619145695274,-0.0004647181837164994,0.0,66425.7,67475.4,68860.0,68780.0,69777.8,67296.2,68418.9,69191.0,70073.2,70935.2,65620.1,65838.5,66592.4,67271.1,68049.8,66955.3,66425.7,67475.4,68860.0,68780.0,529.6000000000058,-1049.699999999997,-1384.6000000000058,80.0,-997.8000000000029,1822.739641,2104.3613064,2425.06462747,1823.8505683,1337.85598017,34.46124761124206,32.964464109101655,34.410865919233615,36.36522167725137,36.17072647212609,-0.06493365510821686,-0.07862749365127727,-0.07175012810464197,-0.0598033464249396,-0.06677040918355515,0.5507652,0,-0.0,1.0308710963365353
51,2026-02-21 00:00:00+00:00,67998.2,68678.8,67538.0,67966.6,1234.38506544,-31.59999999999127,-0.0004647181837165171,0.02319734681004504,-0.02568579554576922,0.857622712933754,1.123414876033058,37.36916839048282,70947.58571365604,-0.04201673226326924,-0.005215797170963384,0.0,66955.3,66425.7,67475.4,68860.0,68780.0,68266.3,67296.2,68418.9,69191.0,70073.2,66450.0,65620.1,65838.5,66592.4,67271.1,67998.2,66955.3,66425.7,67475.4,68860.0,1042.8999999999942,529.6000000000058,-1049.699999999997,-1384.6000000000058,80.0,2693.11013022,1822.739641,2104.3613064,2425.06462747,1823.8505683,37.42429780372833,34.46124761124206,32.964464109101655,34.410865919233615,36.36522167725137,-0.045791619145695274,-0.06493365510821686,-0.07862749365127727,-0.07175012810464197,-0.0598033464249396,0.8025169,1,-0.005215797170963384,1.0254942817886352
52,2026-02-22 00:00:00+00:00,67966.7,68214.5,67180.0,67612.1,1136.42486701,-354.59999999999127,-0.005215797170963432,0.00980952964141757,-0.016980226810119126,0.8545491543246858,1.1175553719008264,36.715743199129385,70629.92040759356,-0.04272722367770215,-0.04419327309756696,0.0,67998.2,66955.3,66425.7,67475.4,68860.0,68678.8,68266.3,67296.2,68418.9,69191.0,67538.0,66450.0,65620.1,65838.5,66592.4,67966.6,67998.2,66955.3,66425.7,67475.4,-31.59999999999127,1042.8999999999942,529.6000000000058,-1049.699999999997,-1384.6000000000058,1234.38506544,2693.11013022,1822.739641,2104.3613064,2425.06462747,37.36916839048282,37.42429780372833,34.46124761124206,32.964464109101655,34.410865919233615,-0.04201673226326924,-0.045791619145695274,-0.06493365510821686,-0.07862749365127727,-0.07175012810464197,0.7676908,1,-0.04419327309756696,0.9801743329335568
53,2026-02-23 00:00:00+00:00,67612.1,67653.3,63888.0,64624.1,3467.93376553,-2988.0000000000073,-0.04419327309756693,-0.04962043112905923,-0.061514667441185056,0.8407349394142029,1.0681669421487603,31.686468907440073,70057.93751163226,-0.07756205370347995,-0.008699540883354617,0.0,67966.7,67998.2,66955.3,66425.7,67475.4,68214.5,68678.8,68266.3,67296.2,68418.9,67180.0,67538.0,66450.0,65620.1,65838.5,67612.1,67966.6,67998.2,66955.3,66425.7,-354.59999999999127,-31.59999999999127,1042.8999999999942,529.6000000000058,-1049.699999999997,1136.42486701,1234.38506544,2693.11013022,1822.739641,2104.3613064,36.715743199129385,37.36916839048282,37.42429780372833,34.46124761124206,32.964464109101655,-0.04272722367770215,-0.04201673226326924,-0.045791619145695274,-0.06493365510821686,-0.07862749365127727,0.8830375,1,-0.008699540883354617,0.9716472662513865
54,2026-02-24 00:00:00+00:00,64624.1,64971.0,62500.0,64061.9,2664.92969011,-562.1999999999971,-0.008699540883354562,-0.05745027704784411,-0.05058880718009817,0.8756793626839884,1.0588743801652893,30.830748290258555,69486.88632004824,-0.07807208823635309,0.06113930432909427,1.0,67612.1,67966.7,67998.2,66955.3,66425.7,67653.3,68214.5,68678.8,68266.3,67296.2,63888.0,67180.0,67538.0,66450.0,65620.1,64624.1,67612.1,67966.6,67998.2,66955.3,-2988.0000000000073,-354.59999999999127,-31.59999999999127,1042.8999999999942,529.6000000000058,3467.93376553,1136.42486701,1234.38506544,2693.11013022,1822.739641,31.686468907440073,36.715743199129385,37.36916839048282,37.42429780372833,34.46124761124206,-0.07756205370347995,-0.04272722367770215,-0.04201673226326924,-0.045791619145695274,-0.06493365510821686,0.6793565,1,0.06113930432909427,1.0310531041632625
55,2026-02-25 00:00:00+00:00,64062.0,70000.0,63921.3,67978.6,3343.99123188,3916.600000000006,0.0611393043290942,0.005420627372911158,0.023377999780205716,0.9408008458801402,1.123613223140496,42.48430899769886,69343.24000385318,-0.019679495849593175,-0.007606805671196608,0.0,64624.1,67612.1,67966.7,67998.2,66955.3,64971.0,67653.3,68214.5,68678.8,68266.3,62500.0,63888.0,67180.0,67538.0,66450.0,64061.9,64624.1,67612.1,67966.6,67998.2,-562.1999999999971,-2988.0000000000073,-354.59999999999127,-31.59999999999127,1042.8999999999942,2664.92969011,3467.93376553,1136.42486701,1234.38506544,2693.11013022,30.830748290258555,31.686468907440073,36.715743199129385,37.36916839048282,37.42429780372833,-0.07807208823635309,-0.07756205370347995,-0.04272722367770215,-0.04201673226326924,-0.045791619145695274,0.6176969,1,-0.007606805671196608,1.0232100835632085
56,2026-02-26 00:00:00+00:00,67978.6,68855.4,66513.0,67461.5,2028.81096764,-517.1000000000058,-0.007606805671196648,0.04390622074427353,0.007560267820471145,0.9336443566702326,1.079384,41.49043245594579,69164.02667015287,-0.024615782974469078,-0.023595680499247762,0.0,64062.0,64624.1,67612.1,67966.7,67998.2,70000.0,64971.0,67653.3,68214.5,68678.8,63921.3,62500.0,63888.0,67180.0,67538.0,67978.6,64061.9,64624.1,67612.1,67966.6,3916.600000000006,-562.1999999999971,-2988.0000000000073,-354.59999999999127,-31.59999999999127,3343.99123188,2664.92969011,3467.93376553,1136.42486701,1234.38506544,42.48430899769886,30.830748290258555,31.686468907440073,36.715743199129385,37.36916839048282,-0.019679495849593175,-0.07807208823635309,-0.07756205370347995,-0.04272722367770215,-0.04201673226326924,0.71171486,1,-0.023595680499247762,0.9990667453478425
57,2026-02-27 00:00:00+00:00,67484.2,68202.3,64925.0,65869.7,2390.83995539,-1614.5,-0.023595680499247762,0.028219581373640112,-0.031302299178507687,0.911614382730316,1.0539152,38.50428282352686,68850.28127299546,-0.043290763928433076,0.016941021440814347,1.0,67978.6,64062.0,64624.1,67612.1,67966.7,68855.4,70000.0,64971.0,67653.3,68214.5,66513.0,63921.3,62500.0,63888.0,67180.0,67461.5,67978.6,64061.9,64624.1,67612.1,-517.1000000000058,3916.600000000006,-562.1999999999971,-2988.0000000000073,-354.59999999999127,2028.81096764,3343.99123188,2664.92969011,3467.93376553,1136.42486701,41.49043245594579,42.48430899769886,30.830748290258555,31.686468907440073,36.715743199129385,-0.024615782974469078,-0.019679495849593175,-0.07807208823635309,-0.07756205370347995,-0.04272722367770215,0.7981472,1,0.016941021440814347,1.015991956501585
58,2026-02-28 00:00:00+00:00,65869.7,67725.2,63030.0,66985.6,3124.02919913,1115.9000000000087,0.01694102144081433,-0.014607538254686081,-0.01443356001330065,0.9385693408565797,1.0717696,41.673492943267505,68672.69258032923,-0.024567153506552242,-0.018463669803659336,0.0,67484.2,67978.6,64062.0,64624.1,67612.1,68202.3,68855.4,70000.0,64971.0,67653.3,64925.0,66513.0,63921.3,62500.0,63888.0,65869.7,67461.5,67978.6,64061.9,64624.1,-1614.5,-517.1000000000058,3916.600000000006,-562.1999999999971,-2988.0000000000073,2390.83995539,2028.81096764,3343.99123188,2664.92969011,3467.93376553,38.50428282352686,41.49043245594579,42.48430899769886,30.830748290258555,31.686468907440073,-0.043290763928433076,-0.024615782974469078,-0.019679495849593175,-0.07807208823635309,-0.07756205370347995,0.6353005,1,-0.018463669803659336,0.9972330164935659
59,2026-03-01 00:00:00+00:00,66985.7,68181.2,65056.4,65748.8,2173.00247697,-1236.8999999999942,-0.01846366980365932,-0.025387813790087588,-0.027558676627408407,0.9268853827154925,1.0519808,39.258589673123076,68394.22662029786,-0.03867909253487718,0.046534689606502186,1.0,65869.7,67484.2,67978.6,64062.0,64624.1,67725.2,68202.3,68855.4,70000.0,64971.0,63030.0,64925.0,66513.0,63921.3,62500.0,66985.6,65869.7,67461.5,67978.6,64061.9,1115.9000000000087,-1614.5,-517.1000000000058,3916.600000000006,-562.1999999999971,3124.02919913,2390.83995539,2028.81096764,3343.99123188,2664.92969011,41.673492943267505,38.50428282352686,41.49043245594579,42.48430899769886,30.830748290258555,-0.024567153506552242,-0.043290763928433076,-0.024615782974469078,-0.019679495849593175,-0.07807208823635309,0.6976459,1,0.046534689606502186,1.0436389453814499
60,2026-03-02 00:00:00+00:00,65764.3,70100.0,65269.2,68808.4,3242.04604694,3044.0999999999913,0.0465346896065022,0.04461383610370162,0.06474829049843622,0.970017706300962,1.1009343999999999,47.3817673452023,68433.67170407902,0.0054757882572978155,-0.006855267670807593,0.0,66985.7,65869.7,67484.2,67978.6,64062.0,68181.2,67725.2,68202.3,68855.4,70000.0,65056.4,63030.0,64925.0,66513.0,63921.3,65748.8,66985.6,65869.7,67461.5,67978.6,-1236.8999999999942,1115.9000000000087,-1614.5,-517.1000000000058,3916.600000000006,2173.00247697,3124.02919913,2390.83995539,2028.81096764,3343.99123188,39.258589673123076,41.673492943267505,38.50428282352686,41.49043245594579,42.48430899769886,-0.03867909253487718,-0.024567153506552242,-0.043290763928433076,-0.024615782974469078,-0.019679495849593175,0.43764758,0,-0.0,1.0436389453814499
61,2026-03-03 00:00:00+00:00,68810.8,69236.5,66164.3,68336.7,2941.9613343,-474.1000000000058,-0.006855267670807574,0.020170006688004394,0.0667292103418724,0.963367975278846,1.0933872,46.352565016800504,68424.43630369054,-0.0012822364118739887,0.06362759688425115,1.0,65764.3,66985.7,65869.7,67484.2,67978.6,70100.0,68181.2,67725.2,68202.3,68855.4,65269.2,65056.4,63030.0,64925.0,66513.0,68808.4,65748.8,66985.6,65869.7,67461.5,3044.0999999999913,-1236.8999999999942,1115.9000000000087,-1614.5,-517.1000000000058,3242.04604694,2173.00247697,3124.02919913,2390.83995539,2028.81096764,47.3817673452023,39.258589673123076,41.673492943267505,38.50428282352686,41.49043245594579,0.0054757882572978155,-0.03867909253487718,-0.024567153506552242,-0.043290763928433076,-0.024615782974469078,0.6997294,1,0.06362759688425115,1.110043183490886
62,2026-03-04 00:00:00+00:00,68336.7,74062.1,67419.7,72684.8,4884.24293756,4348.100000000006,0.06362759688425124,0.1054924196335143,0.06923061080987236,0.981403443866701,1.1629568000000001,55.86859116752033,68830.18522714858,0.05600180734848653,-0.02486627190279135,0.0,68810.8,65764.3,66985.7,65869.7,67484.2,69236.5,70100.0,68181.2,67725.2,68202.3,66164.3,65269.2,65056.4,63030.0,64925.0,68336.7,68808.4,65748.8,66985.6,65869.7,-474.1000000000058,3044.0999999999913,-1236.8999999999942,1115.9000000000087,-1614.5,2941.9613343,3242.04604694,2173.00247697,3124.02919913,2390.83995539,46.352565016800504,47.3817673452023,39.258589673123076,41.673492943267505,38.50428282352686,-0.0012822364118739887,0.0054757882572978155,-0.03867909253487718,-0.024567153506552242,-0.043290763928433076,0.7439938,1,-0.02486627190279135,1.0824405478663615
63,2026-03-05 00:00:00+00:00,72684.8,73585.9,70612.7,70877.4,3526.53835545,-1807.4000000000087,-0.024866271902791337,0.030069003203097244,0.05063480651927388,0.9569995989851758,1.1340384,51.75870753490803,69025.15806265824,0.026834302004210702,-0.038790926303730024,0.0,68336.7,68810.8,65764.3,66985.7,65869.7,74062.1,69236.5,70100.0,68181.2,67725.2,67419.7,66164.3,65269.2,65056.4,63030.0,72684.8,68336.7,68808.4,65748.8,66985.6,4348.100000000006,-474.1000000000058,3044.0999999999913,-1236.8999999999942,1115.9000000000087,4884.24293756,2941.9613343,3242.04604694,2173.00247697,3124.02919913,55.86859116752033,46.352565016800504,47.3817673452023,39.258589673123076,41.673492943267505,0.05600180734848653,-0.0012822364118739887,0.0054757882572978155,-0.03867909253487718,-0.024567153506552242,0.3274375,-1,0.038790926303730024,1.1244294193868147
64,2026-03-06 00:00:00+00:00,70877.4,71386.4,67748.0,68128.0,3227.19805329,-2749.399999999994,-0.038790926303730044,-0.00305399587630073,0.034284352289444264,0.9198766980682427,1.090048,46.192017148040456,68939.71443764317,-0.011774264576877146,-0.012592472992014945,0.0,72684.8,68336.7,68810.8,65764.3,66985.7,73585.9,74062.1,69236.5,70100.0,68181.2,70612.7,67419.7,66164.3,65269.2,65056.4,70877.4,72684.8,68336.7,68808.4,65748.8,-1807.4000000000087,4348.100000000006,-474.1000000000058,3044.0999999999913,-1236.8999999999942,3526.53835545,4884.24293756,2941.9613343,3242.04604694,2173.00247697,51.75870753490803,55.86859116752033,46.352565016800504,47.3817673452023,39.258589673123076,0.026834302004210702,0.05600180734848653,-0.0012822364118739887,0.0054757882572978155,-0.03867909253487718,0.74225247,1,-0.012592472992014945,1.1102700722917593
65,2026-03-07 00:00:00+00:00,68111.4,68541.5,66962.1,67270.1,1278.00093723,-841.2999999999884,-0.012592472992014936,-0.07449563044818175,0.00424718148378167,0.9082931755918344,1.0763216,44.58083276522413,68780.70353882002,-0.02196260667742984,-0.019197236216387498,0.0,70877.4,72684.8,68336.7,68810.8,65764.3,71386.4,73585.9,74062.1,69236.5,70100.0,67748.0,70612.7,67419.7,66164.3,65269.2,68128.0,70877.4,72684.8,68336.7,68808.4,-2749.399999999994,-1807.4000000000087,4348.100000000006,-474.1000000000058,3044.0999999999913,3227.19805329,3526.53835545,4884.24293756,2941.9613343,3242.04604694,46.192017148040456,51.75870753490803,55.86859116752033,46.352565016800504,47.3817673452023,-0.011774264576877146,0.026834302004210702,0.05600180734848653,-0.0012822364118739887,0.0054757882572978155,0.3324993,-1,0.019197236216387498,1.1315841891335299
66,2026-03-08 00:00:00+00:00,67270.1,68177.4,65646.2,65978.7,2434.33204494,-1291.4000000000087,-0.01919723621638747,-0.06911511991128338,0.0034966417638040426,0.8908564569462653,1.0556592,42.19495785113205,68513.8460589324,-0.03700195222950678,0.03740904261526822,1.0,68111.4,70877.4,72684.8,68336.7,68810.8,68541.5,71386.4,73585.9,74062.1,69236.5,66962.1,67748.0,70612.7,67419.7,66164.3,67270.1,68128.0,70877.4,72684.8,68336.7,-841.2999999999884,-2749.399999999994,-1807.4000000000087,4348.100000000006,-474.1000000000058,1278.00093723,3227.19805329,3526.53835545,4884.24293756,2941.9613343,44.58083276522413,46.192017148040456,51.75870753490803,55.86859116752033,46.352565016800504,-0.02196260667742984,-0.011774264576877146,0.026834302004210702,0.05600180734848653,-0.0012822364118739887,0.6582237,1,0.03740904261526822,1.17391567028759
67,2026-03-09 00:00:00+00:00,65978.7,69513.0,65839.6,68446.9,2268.82364236,2468.199999999997,0.03740904261526823,0.0046808947862846395,-0.005253719022677461,0.924182544108255,1.0951503999999999,47.93065078718722,68507.47024379598,-0.0008841407160479649,0.02203898204301437,1.0,67270.1,68111.4,70877.4,72684.8,68336.7,68177.4,68541.5,71386.4,73585.9,74062.1,65646.2,66962.1,67748.0,70612.7,67419.7,65978.7,67270.1,68128.0,70877.4,72684.8,-1291.4000000000087,-841.2999999999884,-2749.399999999994,-1807.4000000000087,4348.100000000006,2434.33204494,1278.00093723,3227.19805329,3526.53835545,4884.24293756,42.19495785113205,44.58083276522413,46.192017148040456,51.75870753490803,55.86859116752033,-0.03700195222950678,-0.02196260667742984,-0.011774264576877146,0.026834302004210702,0.05600180734848653,0.4523044,0,0.0,1.17391567028759
68,2026-03-10 00:00:00+00:00,68447.0,71781.1,68399.9,69955.4,3264.28910205,1508.3999999999942,0.022038982043014466,0.039918180588403906,0.023687125658687025,0.9445505866023242,1.1192864,51.12275139868755,68645.3683158154,0.019084050626075096,0.0035022314217344197,1.0,65978.7,67270.1,68111.4,70877.4,72684.8,69513.0,68177.4,68541.5,71386.4,73585.9,65839.6,65646.2,66962.1,67748.0,70612.7,68446.9,65978.7,67270.1,68128.0,70877.4,2468.199999999997,-1291.4000000000087,-841.2999999999884,-2749.399999999994,-1807.4000000000087,2268.82364236,2434.33204494,1278.00093723,3227.19805329,3526.53835545,47.93065078718722,42.19495785113205,44.58083276522413,46.192017148040456,51.75870753490803,-0.0008841407160479649,-0.03700195222950678,-0.02196260667742984,-0.011774264576877146,0.026834302004210702,0.15244691,-1,-0.0035022314217344197,1.1698043459406422
69,2026-03-11 00:00:00+00:00,69955.4,71345.2,68971.6,70200.4,2574.28260227,245.0,0.0035022314217343364,0.06398580147835586,-0.03418046138945152,0.9478586213461404,1.1232064,51.64128231003066,68793.46657145202,0.020451555920454535,0.0045640765579684555,1.0,68447.0,65978.7,67270.1,68111.4,70877.4,71781.1,69513.0,68177.4,68541.5,71386.4,68399.9,65839.6,65646.2,66962.1,67748.0,69955.4,68446.9,65978.7,67270.1,68128.0,1508.3999999999942,2468.199999999997,-1291.4000000000087,-841.2999999999884,-2749.399999999994,3264.28910205,2268.82364236,2434.33204494,1278.00093723,3227.19805329,51.12275139868755,47.93065078718722,42.19495785113205,44.58083276522413,46.192017148040456,0.019084050626075096,-0.0008841407160479649,-0.03700195222950678,-0.02196260667742984,-0.011774264576877146,0.49917755,0,0.0,1.1698043459406422
70,2026-03-12 00:00:00+00:00,70200.4,70787.1,69228.2,70520.8,1860.65379355,320.40000000000873,0.004564076557968422,0.030299399972825825,-0.005031222928606138,0.9521847206600946,1.1283328000000001,52.35317248024589,68957.97451702802,0.022663448193160997,0.006128688273530605,1.0,69955.4,68447.0,65978.7,67270.1,68111.4,71345.2,71781.1,69513.0,68177.4,68541.5,68971.6,68399.9,65839.6,65646.2,66962.1,70200.4,69955.4,68446.9,65978.7,67270.1,245.0,1508.3999999999942,2468.199999999997,-1291.4000000000087,-841.2999999999884,2574.28260227,3264.28910205,2268.82364236,2434.33204494,1278.00093723,51.64128231003066,51.12275139868755,47.93065078718722,42.19495785113205,44.58083276522413,0.020451555920454535,0.019084050626075096,-0.0008841407160479649,-0.03700195222950678,-0.02196260667742984,0.56445503,0,0.0,1.1698043459406422
71,2026-03-13 00:00:00+00:00,70526.3,73928.5,70200.0,70953.0,3864.97387263,426.6999999999971,0.006128688273530525,0.014260514556417414,0.04146606387975571,0.9580203639918392,1.135248,53.350779619540084,69147.97694397773,0.02610377245721393,0.0036305723507111163,1.0,70200.4,69955.4,68447.0,65978.7,67270.1,70787.1,71345.2,71781.1,69513.0,68177.4,69228.2,68971.6,68399.9,65839.6,65646.2,70520.8,70200.4,69955.4,68446.9,65978.7,320.40000000000873,245.0,1508.3999999999942,2468.199999999997,-1291.4000000000087,1860.65379355,2574.28260227,3264.28910205,2268.82364236,2434.33204494,52.35317248024589,51.64128231003066,51.12275139868755,47.93065078718722,42.19495785113205,0.022663448193160997,0.020451555920454535,0.019084050626075096,-0.0008841407160479649,-0.03700195222950678,0.29213697,-1,-0.0036305723507111163,1.1655572866265285
72,2026-03-14 00:00:00+00:00,70953.1,71300.0,70293.9,71210.6,574.11245902,257.5,0.00363057235071107,0.014390231394693087,0.058577287680559476,0.9614985262367661,1.1393696,53.969391216747134,69344.41723502747,0.026911795345363126,0.022821040687762653,1.0,70526.3,70200.4,69955.4,68447.0,65978.7,73928.5,70787.1,71345.2,71781.1,69513.0,70200.0,69228.2,68971.6,68399.9,65839.6,70953.0,70520.8,70200.4,69955.4,68446.9,426.6999999999971,320.40000000000873,245.0,1508.3999999999942,2468.199999999997,3864.97387263,1860.65379355,2574.28260227,3264.28910205,2268.82364236,53.350779619540084,52.35317248024589,51.64128231003066,51.12275139868755,47.93065078718722,0.02610377245721393,0.022663448193160997,0.020451555920454535,0.019084050626075096,-0.0008841407160479649,0.5612116,0,0.0,1.1655572866265285
73,2026-03-15 00:00:00+00:00,71210.6,73200.0,70885.7,72835.7,1109.99825898,1625.0999999999913,0.022821040687762695,0.032825776224886694,0.10392747962600057,0.9834409232252392,1.1653712,57.7736988056766,69676.92035550105,0.04533466215760443,0.028172997582229596,1.0,70953.1,70526.3,70200.4,69955.4,68447.0,71300.0,73928.5,70787.1,71345.2,71781.1,70293.9,70200.0,69228.2,68971.6,68399.9,71210.6,70953.0,70520.8,70200.4,69955.4,257.5,426.6999999999971,320.40000000000873,245.0,1508.3999999999942,574.11245902,3864.97387263,1860.65379355,2574.28260227,3264.28910205,53.969391216747134,53.350779619540084,52.35317248024589,51.64128231003066,51.12275139868755,0.026911795345363126,0.02610377245721393,0.022663448193160997,0.020451555920454535,0.019084050626075096,0.67500347,1,0.028172997582229596,1.1983945292446077
74,2026-03-16 00:00:00+00:00,72826.7,74901.3,72304.0,74887.7,3388.45307847,2061.0,0.028172997582229575,0.0554550195199639,0.09409922144026983,0.9998184277175429,1.1881278756147866,62.03987235302743,70173.18508354857,0.06718399500946555,-0.0127898172864169,0.0,71210.6,70953.1,70526.3,70200.4,69955.4,73200.0,71300.0,73928.5,70787.1,71345.2,70885.7,70293.9,70200.0,69228.2,68971.6,72835.7,71210.6,70953.0,70520.8,70200.4,1625.0999999999913,257.5,426.6999999999971,320.40000000000873,245.0,1109.99825898,574.11245902,3864.97387263,1860.65379355,2574.28260227,57.7736988056766,53.969391216747134,53.350779619540084,52.35317248024589,51.64128231003066,0.04533466215760443,0.026911795345363126,0.02610377245721393,0.022663448193160997,0.020451555920454535,0.40670982,0,-0.0,1.1983945292446077
75,2026-03-17 00:00:00+00:00,74887.7,75998.1,73455.9,73929.9,2902.67372253,-957.8000000000029,-0.012789817286416927,0.0381867306271817,0.05681477055381001,0.972786161759307,1.1729319371727749,59.04143787785141,70530.96745654393,0.048190641161277636,-0.03596650340390018,0.0,72826.7,71210.6,70953.1,70526.3,70200.4,74901.3,73200.0,71300.0,73928.5,70787.1,72304.0,70885.7,70293.9,70200.0,69228.2,74887.7,72835.7,71210.6,70953.0,70520.8,2061.0,1625.0999999999913,257.5,426.6999999999971,320.40000000000873,3388.45307847,1109.99825898,574.11245902,3864.97387263,1860.65379355,62.03987235302743,57.7736988056766,53.969391216747134,53.350779619540084,52.35317248024589,0.06718399500946555,0.04533466215760443,0.026911795345363126,0.02610377245721393,0.022663448193160997,0.88356674,1,-0.03596650340390018,1.1552924683293162
76,2026-03-18 00:00:00+00:00,73930.0,74682.3,70500.0,71270.9,2889.81549304,-2659.100000000006,-0.035966503403900174,-0.021483970086097925,0.015249200859254408,0.9377984449611239,1.1307456766619068,51.58734151629117,70601.43722258737,0.0094822825674496,-0.019068090903861183,0.0,74887.7,72826.7,71210.6,70953.1,70526.3,75998.1,74901.3,73200.0,71300.0,73928.5,73455.9,72304.0,70885.7,70293.9,70200.0,73929.9,74887.7,72835.7,71210.6,70953.0,-957.8000000000029,2061.0,1625.0999999999913,257.5,426.6999999999971,2902.67372253,3388.45307847,1109.99825898,574.11245902,3864.97387263,59.04143787785141,62.03987235302743,57.7736988056766,53.969391216747134,53.350779619540084,0.048190641161277636,0.06718399500946555,0.04533466215760443,0.026911795345363126,0.02610377245721393,0.87089187,1,-0.019068090903861183,1.1332632465226666
77,2026-03-19 00:00:00+00:00,71270.9,71623.9,68782.0,69911.9,2809.93145539,-1359.0,-0.01906809090386119,-0.06644348804943945,-0.00863433199850272,0.9199164189631055,1.1091845153101696,48.235448122923906,70535.76701091239,-0.008844690252193269,0.008635153671978757,1.0,73930.0,74887.7,72826.7,71210.6,70953.1,74682.3,75998.1,74901.3,73200.0,71300.0,70500.0,73455.9,72304.0,70885.7,70293.9,71270.9,73929.9,74887.7,72835.7,71210.6,-2659.100000000006,-957.8000000000029,2061.0,1625.0999999999913,257.5,2889.81549304,2902.67372253,3388.45307847,1109.99825898,574.11245902,51.58734151629117,59.04143787785141,62.03987235302743,57.7736988056766,53.969391216747134,0.0094822825674496,0.048190641161277636,0.06718399500946555,0.04533466215760443,0.026911795345363126,0.4433429,0,0.0,1.1332632465226666
78,2026-03-20 00:00:00+00:00,69916.6,71340.6,69400.0,70515.6,1865.14043112,599.0,0.008635153671978868,-0.046182938161690834,-0.006164644201090752,0.9278600386062283,1.0839148800118052,49.79597756672011,70533.84634320645,-0.0002586891847306304,-0.02280204663932532,0.0,71270.9,73930.0,74887.7,72826.7,71210.6,71623.9,74682.3,75998.1,74901.3,73200.0,68782.0,70500.0,73455.9,72304.0,70885.7,69911.9,71270.9,73929.9,74887.7,72835.7,-1359.0,-2659.100000000006,-957.8000000000029,2061.0,1625.0999999999913,2809.93145539,2889.81549304,2902.67372253,3388.45307847,1109.99825898,48.235448122923906,51.58734151629117,59.04143787785141,62.03987235302743,57.7736988056766,-0.008844690252193269,0.0094822825674496,0.048190641161277636,0.06718399500946555,0.04533466215760443,0.48762727,0,-0.0,1.1332632465226666
79,2026-03-21 00:00:00+00:00,70515.6,71071.7,68538.3,68907.7,938.65954744,-1607.9000000000087,-0.02280204663932528,-0.033157992953645854,-0.03233928656688767,0.9067029307311629,1.055746048672268,45.832842750786725,70378.97526290108,-0.02090503957190513,-0.015246481888090755,0.0,69916.6,71270.9,73930.0,74887.7,72826.7,71340.6,71623.9,74682.3,75998.1,74901.3,69400.0,68782.0,70500.0,73455.9,72304.0,70515.6,69911.9,71270.9,73929.9,74887.7,599.0,-1359.0,-2659.100000000006,-957.8000000000029,2061.0,1865.14043112,2809.93145539,2889.81549304,2902.67372253,3388.45307847,49.79597756672011,48.235448122923906,51.58734151629117,59.04143787785141,62.03987235302743,-0.0002586891847306304,-0.008844690252193269,0.0094822825674496,0.048190641161277636,0.06718399500946555,0.5091571,0,-0.0,1.1332632465226666
80,2026-03-22 00:00:00+00:00,68907.7,69569.5,67343.1,67857.1,1438.32852543,-1050.5999999999913,-0.015246481888090746,-0.029391276735433958,-0.06835384296437041,0.8928789009198914,1.0336790248331207,43.40220932804411,70138.79666643431,-0.03253116356252283,0.044654133465768374,1.0,70515.6,69916.6,71270.9,73930.0,74887.7,71071.7,71340.6,71623.9,74682.3,75998.1,68538.3,69400.0,68782.0,70500.0,73455.9,68907.7,70515.6,69911.9,71270.9,73929.9,-1607.9000000000087,599.0,-1359.0,-2659.100000000006,-957.8000000000029,938.65954744,1865.14043112,2809.93145539,2889.81549304,2902.67372253,45.832842750786725,49.79597756672011,48.235448122923906,51.58734151629117,59.04143787785141,-0.02090503957190513,-0.0002586891847306304,-0.008844690252193269,0.0094822825674496,0.048190641161277636,0.72609323,1,0.044654133465768374,1.1838681347847397
81,2026-03-23 00:00:00+00:00,67857.1,71816.6,67443.2,70887.2,2852.64979631,3030.0999999999913,0.04465413346576841,0.005269755912166829,-0.05341998752799193,0.9327496345303369,1.0798370659687841,51.40653557460509,70210.07317439295,0.009644297391987466,-0.005242131160491475,0.0,68907.7,70515.6,69916.6,71270.9,73930.0,69569.5,71071.7,71340.6,71623.9,74682.3,67343.1,68538.3,69400.0,68782.0,70500.0,67857.1,68907.7,70515.6,69911.9,71270.9,-1050.5999999999913,-1607.9000000000087,599.0,-1359.0,-2659.100000000006,1438.32852543,938.65954744,1865.14043112,2809.93145539,2889.81549304,43.40220932804411,45.832842750786725,49.79597756672011,48.235448122923906,51.58734151629117,-0.03253116356252283,-0.02090503957190513,-0.0002586891847306304,-0.008844690252193269,0.0094822825674496,0.61864614,1,-0.005242131160491475,1.1776621427454719
82,2026-03-24 00:00:00+00:00,70887.2,71369.0,68902.0,70515.6,2158.45608189,-371.59999999999127,-0.005242131160491437,0.02333411215292358,-0.046182938161690834,0.9278600386062283,1.0741764184370155,50.4639730469695,70239.1709673079,0.003935539512856219,0.011259919790798064,1.0,67857.1,68907.7,70515.6,69916.6,71270.9,71816.6,69569.5,71071.7,71340.6,71623.9,67443.2,67343.1,68538.3,69400.0,68782.0,70887.2,67857.1,68907.7,70515.6,69911.9,3030.0999999999913,-1050.5999999999913,-1607.9000000000087,599.0,-1359.0,2852.64979631,1438.32852543,938.65954744,1865.14043112,2809.93145539,51.40653557460509,43.40220932804411,45.832842750786725,49.79597756672011,48.235448122923906,0.009644297391987466,-0.03253116356252283,-0.02090503957190513,-0.0002586891847306304,-0.008844690252193269,0.91482586,1,0.011259919790798064,1.1909225240134453
83,2026-03-25 00:00:00+00:00,70515.6,71985.0,70374.0,71309.6,1615.72178768,794.0,0.0112599197907981,0.0508789795025133,0.0005429986151432864,0.9383076682180213,1.086271558749783,52.46934578179595,70341.11658946905,0.013768382668465496,-0.03546787529308833,0.0,70887.2,67857.1,68907.7,70515.6,69916.6,71369.0,71816.6,69569.5,71071.7,71340.6,68902.0,67443.2,67343.1,68538.3,69400.0,70515.6,70887.2,67857.1,68907.7,70515.6,-371.59999999999127,3030.0999999999913,-1050.5999999999913,-1607.9000000000087,599.0,2158.45608189,2852.64979631,1438.32852543,938.65954744,1865.14043112,50.4639730469695,51.40653557460509,43.40220932804411,45.832842750786725,49.79597756672011,0.003935539512856219,0.009644297391987466,-0.03253116356252283,-0.02090503957190513,-0.0002586891847306304,0.5252212,0,-0.0,1.1909225240134453
84,2026-03-26 00:00:00+00:00,71302.2,71406.2,68115.8,68780.4,2565.93690916,-2521.800000000003,-0.03546787529308837,-0.02972045728989159,-0.016184655258975944,0.905027888855116,1.0477438145696172,46.071242919424144,70192.47691428152,-0.02011721164941854,-0.03521497403330006,0.0,70515.6,70887.2,67857.1,68907.7,70515.6,71985.0,71369.0,71816.6,69569.5,71071.7,70374.0,68902.0,67443.2,67343.1,68538.3,71309.6,70515.6,70887.2,67857.1,68907.7,794.0,-371.59999999999127,3030.0999999999913,-1050.5999999999913,-1607.9000000000087,1615.72178768,2158.45608189,2852.64979631,1438.32852543,938.65954744,52.46934578179595,50.4639730469695,51.40653557460509,43.40220932804411,45.832842750786725,0.013768382668465496,0.003935539512856219,0.009644297391987466,-0.03253116356252283,-0.02090503957190513,0.59433097,0,-0.0,1.1909225240134453
85,2026-03-27 00:00:00+00:00,68780.4,69112.0,65519.7,66358.3,2925.58018132,-2422.0999999999913,-0.035214974033300095,-0.05895574879884735,-0.05895574879884735,0.8731573552496706,1.012799203903559,40.924604689159935,69827.31720815947,-0.04967994399409781,-0.000551551200076039,0.0,71302.2,70515.6,70887.2,67857.1,68907.7,71406.2,71985.0,71369.0,71816.6,69569.5,68115.8,70374.0,68902.0,67443.2,67343.1,68780.4,71309.6,70515.6,70887.2,67857.1,-2521.800000000003,794.0,-371.59999999999127,3030.0999999999913,-1050.5999999999913,2565.93690916,1615.72178768,2158.45608189,2852.64979631,1438.32852543,46.071242919424144,52.46934578179595,50.4639730469695,51.40653557460509,43.40220932804411,-0.02011721164941854,0.013768382668465496,0.003935539512856219,0.009644297391987466,-0.03253116356252283,0.77856135,1,-0.000551551200076039,1.1902656692661282
86,2026-03-28 00:00:00+00:00,66360.4,67237.8,65889.0,66321.7,1188.30845698,-38.69999999999709,-0.0005515512000759948,-0.0699471038962497,-0.03752846198610604,0.8726757642625275,1.0122405932872098,40.85034329086846,69493.44890262047,-0.04564097699432026,-0.0055999770814076566,0.0,68780.4,71302.2,70515.6,70887.2,67857.1,69112.0,71406.2,71985.0,71369.0,71816.6,65519.7,68115.8,70374.0,68902.0,67443.2,66358.3,68780.4,71309.6,70515.6,70887.2,-2422.0999999999913,-2521.800000000003,794.0,-371.59999999999127,3030.0999999999913,2925.58018132,2565.93690916,1615.72178768,2158.45608189,2852.64979631,40.924604689159935,46.071242919424144,52.46934578179595,50.4639730469695,51.40653557460509,-0.04967994399409781,-0.02011721164941854,0.013768382668465496,0.003935539512856219,0.009644297391987466,0.4937907,0,-0.0,1.1902656692661282
87,2026-03-29 00:00:00+00:00,66321.8,67066.2,64960.0,65950.3,1510.05083824,-371.5,-0.005599977081407692,-0.04114689649958403,-0.02810022827382841,0.8677887999831575,1.0152447660098523,40.056029639564066,69156.00614998995,-0.046354703350526105,0.011746724427333871,1.0,66360.4,68780.4,71302.2,70515.6,70887.2,67237.8,69112.0,71406.2,71985.0,71369.0,65889.0,65519.7,68115.8,70374.0,68902.0,66321.7,66358.3,68780.4,71309.6,70515.6,-38.69999999999709,-2422.0999999999913,-2521.800000000003,794.0,-371.59999999999127,1188.30845698,2925.58018132,2565.93690916,1615.72178768,2158.45608189,40.85034329086846,40.924604689159935,46.071242919424144,52.46934578179595,50.4639730469695,-0.04564097699432026,-0.04967994399409781,-0.02011721164941854,0.013768382668465496,0.003935539512856219,0.90789557,1,0.011746724427333871,1.2042473920783137
88,2026-03-30 00:00:00+00:00,65950.4,68105.1,65733.2,66725.0,2721.49624973,774.6000000000058,0.011746724427333932,0.005526060794203591,-0.0587158189348711,0.8779824758776863,1.027170566502463,42.56474400692249,68924.48175475281,-0.03191147323499662,0.022400899213188417,1.0,66321.8,66360.4,68780.4,71302.2,70515.6,67066.2,67237.8,69112.0,71406.2,71985.0,64960.0,65889.0,65519.7,68115.8,70374.0,65950.3,66321.7,66358.3,68780.4,71309.6,-371.5,-38.69999999999709,-2422.0999999999913,-2521.800000000003,794.0,1510.05083824,1188.30845698,2925.58018132,2565.93690916,1615.72178768,40.056029639564066,40.85034329086846,40.924604689159935,46.071242919424144,52.46934578179595,-0.046354703350526105,-0.04564097699432026,-0.04967994399409781,-0.02011721164941854,0.013768382668465496,0.77635896,1,0.022400899213188417,1.2312236165360049
89,2026-03-31 00:00:00+00:00,66725.0,68500.0,65939.0,68219.7,2941.58055909,1494.699999999997,0.02240089921318833,0.028618084277091782,-0.03255875295679267,0.897650072830768,1.0501801108374385,47.15964930972866,68857.3596828716,-0.009260588640174339,-0.001776612913865014,0.0,65950.4,66321.8,66360.4,68780.4,71302.2,68105.1,67066.2,67237.8,69112.0,71406.2,65733.2,64960.0,65889.0,65519.7,68115.8,66725.0,65950.3,66321.7,66358.3,68780.4,774.6000000000058,-371.5,-38.69999999999709,-2422.0999999999913,-2521.800000000003,2721.49624973,1510.05083824,1188.30845698,2925.58018132,2565.93690916,42.56474400692249,40.056029639564066,40.85034329086846,40.924604689159935,46.071242919424144,-0.03191147323499662,-0.046354703350526105,-0.04564097699432026,-0.04967994399409781,-0.02011721164941854,0.3123979,-1,0.001776612913865014,1.2334110243129983
90,2026-04-01 00:00:00+00:00,68219.7,69250.0,67546.2,68098.5,1845.16490076,-121.19999999999709,-0.0017766129138649944,0.03257301331457163,-0.045030402638635,0.8960552961192451,1.0483143472906404,46.83247560739653,68785.08733212193,-0.009981630593951385,-0.01788145113328483,0.0,66725.0,65950.4,66321.8,66360.4,68780.4,68500.0,68105.1,67066.2,67237.8,69112.0,65939.0,65733.2,64960.0,65889.0,65519.7,68219.7,66725.0,65950.3,66321.7,66358.3,1494.699999999997,774.6000000000058,-371.5,-38.69999999999709,-2422.0999999999913,2941.58055909,2721.49624973,1510.05083824,1188.30845698,2925.58018132,47.15964930972866,42.56474400692249,40.056029639564066,40.85034329086846,40.924604689159935,-0.009260588640174339,-0.03191147323499662,-0.046354703350526105,-0.04564097699432026,-0.04967994399409781,0.52649415,0,-0.0,1.2334110243129983
91,2026-04-02 00:00:00+00:00,68098.5,68632.7,65688.2,66880.8,2041.73883296,-1217.699999999997,-0.017881451133284876,0.002334956912701358,-0.0276183331297869,0.8800325271289676,1.0295689655172415,43.56251069021321,68603.7266338246,-0.025114184292360543,0.0007804930563031108,1.0,68219.7,66725.0,65950.4,66321.8,66360.4,69250.0,68500.0,68105.1,67066.2,67237.8,67546.2,65939.0,65733.2,64960.0,65889.0,68098.5,68219.7,66725.0,65950.3,66321.7,-121.19999999999709,1494.699999999997,774.6000000000058,-371.5,-38.69999999999709,1845.16490076,2941.58055909,2721.49624973,1510.05083824,1188.30845698,46.83247560739653,47.15964930972866,42.56474400692249,40.056029639564066,40.85034329086846,-0.009981630593951385,-0.009260588640174339,-0.03191147323499662,-0.046354703350526105,-0.04564097699432026,0.63596517,1,0.0007804930563031108,1.2343736930530422
92,2026-04-03 00:00:00+00:00,66885.7,67369.0,66288.0,66933.0,1402.96443343,47.30000000000291,0.000780493056303122,-0.018861120761304973,0.008660559417585922,0.8807193864057127,1.0303725369458128,43.74384538291586,68444.6098115556,-0.022085154926259613,0.005241061957479911,1.0,68098.5,68219.7,66725.0,65950.4,66321.8,68632.7,69250.0,68500.0,68105.1,67066.2,65688.2,67546.2,65939.0,65733.2,64960.0,66880.8,68098.5,68219.7,66725.0,65950.3,-1217.699999999997,-121.19999999999709,1494.699999999997,774.6000000000058,-371.5,2041.73883296,1845.16490076,2941.58055909,2721.49624973,1510.05083824,43.56251069021321,46.83247560739653,47.15964930972866,42.56474400692249,40.056029639564066,-0.025114184292360543,-0.009981630593951385,-0.009260588640174339,-0.03191147323499662,-0.046354703350526105,0.4215659,0,0.0,1.2343736930530422
93,2026-04-04 00:00:00+00:00,66932.9,67534.0,66790.0,67283.8,850.49526169,350.90000000000873,0.0052410619574798645,-0.01196355279484862,0.014506564216538509,0.8853352912770187,1.0357727832512316,45.02226614423588,68334.05649616935,-0.015369444608168659,0.025264625363014485,1.0,66885.7,68098.5,68219.7,66725.0,65950.4,67369.0,68632.7,69250.0,68500.0,68105.1,66288.0,65688.2,67546.2,65939.0,65733.2,66933.0,66880.8,68098.5,68219.7,66725.0,47.30000000000291,-1217.699999999997,-121.19999999999709,1494.699999999997,774.6000000000058,1402.96443343,2041.73883296,1845.16490076,2941.58055909,2721.49624973,43.74384538291586,43.56251069021321,46.83247560739653,47.15964930972866,42.56474400692249,-0.022085154926259613,-0.025114184292360543,-0.009981630593951385,-0.009260588640174339,-0.03191147323499662,0.59762514,0,0.0,1.2343736930530422
94,2026-04-05 00:00:00+00:00,67283.8,69098.9,66618.0,68983.7,1129.36541848,1699.8999999999942,0.025264625363014437,0.031442506668580394,0.04599524187153037,0.9077029557317879,1.0619411945812807,50.850912475423385,68395.92730605797,0.008593679727622674,-0.001772882579507955,0.0,66932.9,66885.7,68098.5,68219.7,66725.0,67534.0,67369.0,68632.7,69250.0,68500.0,66790.0,66288.0,65688.2,67546.2,65939.0,67283.8,66933.0,66880.8,68098.5,68219.7,350.90000000000873,47.30000000000291,-1217.699999999997,-121.19999999999709,1494.699999999997,850.49526169,1402.96443343,2041.73883296,1845.16490076,2941.58055909,45.02226614423588,43.74384538291586,43.56251069021321,46.83247560739653,47.15964930972866,-0.015369444608168659,-0.022085154926259613,-0.025114184292360543,-0.009981630593951385,-0.009260588640174339,0.40609506,0,-0.0,1.2343736930530422
95,2026-04-06 00:00:00+00:00,68983.8,70463.7,68350.0,68861.4,2039.17432787,-122.40000000000873,-0.0017728825795079173,0.0288109004526913,0.03201798426376912,0.9220578369975214,1.0600584975369458,50.43661284186576,68440.25803881435,0.006153424508522436,0.04448936559523922,1.0,67283.8,66932.9,66885.7,68098.5,68219.7,69098.9,67534.0,67369.0,68632.7,69250.0,66618.0,66790.0,66288.0,65688.2,67546.2,68983.7,67283.8,66933.0,66880.8,68098.5,1699.8999999999942,350.90000000000873,47.30000000000291,-1217.699999999997,-121.19999999999709,1129.36541848,850.49526169,1402.96443343,2041.73883296,1845.16490076,50.850912475423385,45.02226614423588,43.74384538291586,43.56251069021321,46.83247560739653,0.008593679727622674,-0.015369444608168659,-0.022085154926259613,-0.025114184292360543,-0.009981630593951385,0.49033552,0,0.0,1.2343736930530422
96,2026-04-07 00:00:00+00:00,68861.3,72728.0,67734.9,71925.0,2176.37959276,3063.699999999997,0.044489365595239194,0.0689794571650233,0.0543142230176914,0.9889588604113959,1.1072198275862069,59.36724759397371,68772.13822559394,0.045845045039368953,-0.011345151199165798,0.0,68983.8,67283.8,66932.9,66885.7,68098.5,70463.7,69098.9,67534.0,67369.0,68632.7,68350.0,66618.0,66790.0,66288.0,65688.2,68861.4,68983.7,67283.8,66933.0,66880.8,-122.40000000000873,1699.8999999999942,350.90000000000873,47.30000000000291,-1217.699999999997,2039.17432787,1129.36541848,850.49526169,1402.96443343,2041.73883296,50.43661284186576,50.850912475423385,45.02226614423588,43.74384538291586,43.56251069021321,0.006153424508522436,0.008593679727622674,-0.015369444608168659,-0.022085154926259613,-0.025114184292360543,0.7188826,1,-0.011345151199165798,1.2203695368690828
97,2026-04-08 00:00:00+00:00,71925.0,72850.0,70703.0,71109.0,1764.62548909,-816.0,-0.011345151199165793,0.030808727279052928,0.04420802220313225,0.9761015785861359,1.094658251231527,56.44965005039673,68994.6964898231,0.030644435264510092,0.009766696198793402,1.0,68861.3,68983.8,67283.8,66932.9,66885.7,72728.0,70463.7,69098.9,67534.0,67369.0,67734.9,68350.0,66618.0,66790.0,66288.0,71925.0,68861.4,68983.7,67283.8,66933.0,3063.699999999997,-122.40000000000873,1699.8999999999942,350.90000000000873,47.30000000000291,2176.37959276,2039.17432787,1129.36541848,850.49526169,1402.96443343,59.36724759397371,50.43661284186576,50.850912475423385,45.02226614423588,43.74384538291586,0.045845045039368953,0.006153424508522436,0.008593679727622674,-0.015369444608168659,-0.022085154926259613,0.8594172,1,0.009766696198793402,1.2322885153859453
98,2026-04-09 00:00:00+00:00,71090.2,73130.5,70465.1,71803.5,1623.23385044,713.3000000000029,0.009766696198793445,0.042724951859822946,0.07360408368320948,0.9818543562535468,1.105349445812808,58.32681294193201,69262.20158603042,0.03669098520948739,0.016298648394576908,1.0,71925.0,68861.3,68983.8,67283.8,66932.9,72850.0,72728.0,70463.7,69098.9,67534.0,70703.0,67734.9,68350.0,66618.0,66790.0,71109.0,71925.0,68861.4,68983.7,67283.8,-816.0,3063.699999999997,-122.40000000000873,1699.8999999999942,350.90000000000873,1764.62548909,2176.37959276,2039.17432787,1129.36541848,850.49526169,56.44965005039673,59.36724759397371,50.43661284186576,50.850912475423385,45.02226614423588,0.030644435264510092,0.045845045039368953,0.006153424508522436,0.008593679727622674,-0.015369444608168659,0.53944206,0,0.0,1.2322885153859453
99,2026-04-10 00:00:00+00:00,71803.5,73455.0,71429.8,72973.8,1873.50973218,1170.300000000003,0.016298648394576842,0.014581856100104318,0.09025144547532604,0.9934490504390443,1.1233651477832514,61.35002858812334,69615.68714926562,0.04823787551696682,0.0011894680008441784,1.0,71090.2,71925.0,68861.3,68983.8,67283.8,73130.5,72850.0,72728.0,70463.7,69098.9,70465.1,70703.0,67734.9,68350.0,66618.0,71803.5,71109.0,71925.0,68861.4,68983.7,713.3000000000029,-816.0,3063.699999999997,-122.40000000000873,1699.8999999999942,1623.23385044,1764.62548909,2176.37959276,2039.17432787,1129.36541848,58.32681294193201,56.44965005039673,59.36724759397371,50.43661284186576,50.850912475423385,0.03669098520948739,0.030644435264510092,0.045845045039368953,0.006153424508522436,0.008593679727622674,0.47839552,0,0.0,1.2322885153859453
100,2026-04-11 00:00:00+00:00,72973.8,73800.0,72578.8,73060.6,1073.00848553,86.80000000000291,0.001189468000844185,0.027445189779071733,0.08585721971707905,0.9899810298102982,1.124701354679803,61.57269746274292,69943.77408743081,0.044561877783047814,-0.03156968324924788,0.0,71803.5,71090.2,71925.0,68861.3,68983.8,73455.0,73130.5,72850.0,72728.0,70463.7,71429.8,70465.1,70703.0,67734.9,68350.0,72973.8,71803.5,71109.0,71925.0,68861.4,1170.300000000003,713.3000000000029,-816.0,3063.699999999997,-122.40000000000873,1873.50973218,1623.23385044,1764.62548909,2176.37959276,2039.17432787,61.35002858812334,58.32681294193201,56.44965005039673,59.36724759397371,50.43661284186576,0.04823787551696682,0.03669098520948739,0.030644435264510092,0.045845045039368953,0.006153424508522436,0.60941356,1,-0.03156968324924788,1.193385557283525
101,2026-04-12 00:00:00+00:00,73060.6,73150.0,70517.7,70754.1,1417.83489267,-2306.5,-0.031569683249247915,-0.014614886460966314,0.025664033677521125,0.9587276422764228,1.0891948891625616,52.858221078260016,70020.94798386598,0.01047046687089928,0.052118534473620484,1.0,72973.8,71803.5,71090.2,71925.0,68861.3,73800.0,73455.0,73130.5,72850.0,72728.0,72578.8,71429.8,70465.1,70703.0,67734.9,73060.6,72973.8,71803.5,71109.0,71925.0,86.80000000000291,1170.300000000003,713.3000000000029,-816.0,3063.699999999997,1073.00848553,1873.50973218,1623.23385044,1764.62548909,2176.37959276,61.57269746274292,61.35002858812334,58.32681294193201,56.44965005039673,59.36724759397371,0.044561877783047814,0.04823787551696682,0.03669098520948739,0.030644435264510092,0.045845045039368953,0.7746657,1,0.052118534473620484,1.2555830635911274
102,2026-04-13 00:00:00+00:00,70754.1,74966.2,70595.6,74441.7,2194.42895802,3687.5999999999913,0.05211853447362058,0.020115438691694854,0.08103669109254241,0.993003513583455,1.145962130541872,62.09507011099587,70441.97198540255,0.05678046627408871,-0.003631029382725044,0.0,73060.6,72973.8,71803.5,71090.2,71925.0,73150.0,73800.0,73455.0,73130.5,72850.0,70517.7,72578.8,71429.8,70465.1,70703.0,70754.1,73060.6,72973.8,71803.5,71109.0,-2306.5,86.80000000000291,1170.300000000003,713.3000000000029,-816.0,1417.83489267,1073.00848553,1873.50973218,1623.23385044,1764.62548909,52.858221078260016,61.57269746274292,61.35002858812334,58.32681294193201,56.44965005039673,0.01047046687089928,0.044561877783047814,0.04823787551696682,0.03669098520948739,0.030644435264510092,0.6476131,1,-0.003631029382725044,1.251024004594776
103,2026-04-14 00:00:00+00:00,74441.2,76088.3,73858.9,74171.4,3104.76504059,-269.8000000000029,-0.0036310293827250817,0.015203817105252204,0.031232533889468117,0.9748069019809877,1.1418011083743842,61.14927703938891,70797.1556058404,0.04766073389933256,0.008611135828634915,1.0,70754.1,73060.6,72973.8,71803.5,71090.2,74966.2,73150.0,73800.0,73455.0,73130.5,70595.6,70517.7,72578.8,71429.8,70465.1,74441.7,70754.1,73060.6,72973.8,71803.5,3687.5999999999913,-2306.5,86.80000000000291,1170.300000000003,713.3000000000029,2194.42895802,1417.83489267,1073.00848553,1873.50973218,1623.23385044,62.09507011099587,52.858221078260016,61.57269746274292,61.35002858812334,58.32681294193201,0.05678046627408871,0.01047046687089928,0.044561877783047814,0.04823787551696682,0.03669098520948739,0.8174576,1,0.008611135828634915,1.2617967422232244
104,2026-04-15 00:00:00+00:00,74171.4,75438.8,73558.1,74810.1,1995.39439006,638.7000000000116,0.00861113582863493,0.057325299876614944,0.05204826393283568,0.9832010966206368,1.151633312807882,62.59891245660527,71179.34078623654,0.051008609712574336,0.004715940762009252,1.0,74441.2,70754.1,73060.6,72973.8,71803.5,76088.3,74966.2,73150.0,73800.0,73455.0,73858.9,70595.6,70517.7,72578.8,71429.8,74171.4,74441.7,70754.1,73060.6,72973.8,-269.8000000000029,3687.5999999999913,-2306.5,86.80000000000291,1170.300000000003,3104.76504059,2194.42895802,1417.83489267,1073.00848553,1873.50973218,61.14927703938891,62.09507011099587,52.858221078260016,61.57269746274292,61.35002858812334,0.04766073389933256,0.05678046627408871,0.01047046687089928,0.044561877783047814,0.04823787551696682,0.83859575,1,0.004715940762009252,1.2677473009132454
105,2026-04-16 00:00:00+00:00,74810.1,75500.0,73310.6,75162.9,2462.98214823,352.79999999998836,0.0047159407620092075,0.009688118353019748,0.04678602018007472,0.9878378147494423,1.1570643472906403,63.41104339411102,71558.72737802354,0.05036663945875781,0.026003520353791568,1.0,74171.4,74441.2,70754.1,73060.6,72973.8,75438.8,76088.3,74966.2,73150.0,73800.0,73558.1,73858.9,70595.6,70517.7,72578.8,74810.1,74171.4,74441.7,70754.1,73060.6,638.7000000000116,-269.8000000000029,3687.5999999999913,-2306.5,86.80000000000291,1995.39439006,3104.76504059,2194.42895802,1417.83489267,1073.00848553,62.59891245660527,61.14927703938891,62.09507011099587,52.858221078260016,61.57269746274292,0.051008609712574336,0.04766073389933256,0.05678046627408871,0.01047046687089928,0.044561877783047814,0.179339,-1,-0.026003520353791568,1.2347814081704835
106,2026-04-17 00:00:00+00:00,75162.9,78343.6,74569.8,77117.4,2994.99390869,1954.5,0.02600352035379161,0.039718813451006696,0.056782023137071036,0.9843484343328618,1.187152093596059,67.60746010830735,72088.12477059272,0.06976565482056885,-0.018006312453479906,0.0,74810.1,74171.4,74441.2,70754.1,73060.6,75500.0,75438.8,76088.3,74966.2,73150.0,73310.6,73558.1,73858.9,70595.6,70517.7,75162.9,74810.1,74171.4,74441.7,70754.1,352.79999999998836,638.7000000000116,-269.8000000000029,3687.5999999999913,-2306.5,2462.98214823,1995.39439006,3104.76504059,2194.42895802,1417.83489267,63.41104339411102,62.59891245660527,61.14927703938891,62.09507011099587,52.858221078260016,0.05036663945875781,0.051008609712574336,0.04766073389933256,0.05678046627408871,0.01047046687089928,0.28494653,-1,0.018006312453479906,1.2570152680177493
107,2026-04-18 00:00:00+00:00,77117.4,77432.1,75500.0,75728.8,873.62953918,-1388.5999999999913,-0.018006312453479945,0.012280427375447989,0.03652036802325731,0.9666239488611705,1.1528524148933903,62.15340319000393,72434.855744822,0.04547457465480596,-0.025105376026029688,0.0,75162.9,74810.1,74171.4,74441.2,70754.1,78343.6,75500.0,75438.8,76088.3,74966.2,74569.8,73310.6,73558.1,73858.9,70595.6,77117.4,75162.9,74810.1,74171.4,74441.7,1954.5,352.79999999998836,638.7000000000116,-269.8000000000029,3687.5999999999913,2994.99390869,2462.98214823,1995.39439006,3104.76504059,2194.42895802,67.60746010830735,63.41104339411102,62.59891245660527,61.14927703938891,62.09507011099587,0.06976565482056885,0.05036663945875781,0.051008609712574336,0.04766073389933256,0.05678046627408871,0.5518761,0,-0.0,1.2570152680177493
108,2026-04-19 00:00:00+00:00,75728.8,76274.6,73809.7,73827.6,1154.32176776,-1901.199999999997,-0.02510537602602969,-0.017765413521830475,0.0434391787896391,0.9423564911492451,1.1239096215149755,55.54623991651131,72567.49805483894,0.017364549956081016,0.027370522677155926,1.0,77117.4,75162.9,74810.1,74171.4,74441.2,77432.1,78343.6,75500.0,75438.8,76088.3,75500.0,74569.8,73310.6,73558.1,73858.9,75728.8,77117.4,75162.9,74810.1,74171.4,-1388.5999999999913,1954.5,352.79999999998836,638.7000000000116,-269.8000000000029,873.62953918,2994.99390869,2462.98214823,1995.39439006,3104.76504059,62.15340319000393,67.60746010830735,63.41104339411102,62.59891245660527,61.14927703938891,0.04547457465480596,0.06976565482056885,0.05036663945875781,0.051008609712574336,0.04766073389933256,0.6645638,1,0.027370522677155926,1.2914204329165604
109,2026-04-20 00:00:00+00:00,73827.6,76588.0,73637.3,75848.3,1806.24256924,2020.699999999997,0.027370522677155895,-0.01645672701621148,0.018895323454461765,0.9681492808602107,1.1546716152977248,60.368487380626775,72879.95538294953,0.040729232083818324,0.006639568718085854,1.0,75728.8,77117.4,75162.9,74810.1,74171.4,76274.6,77432.1,78343.6,75500.0,75438.8,73809.7,75500.0,74569.8,73310.6,73558.1,73827.6,75728.8,77117.4,75162.9,74810.1,-1901.199999999997,-1388.5999999999913,1954.5,352.79999999998836,638.7000000000116,1154.32176776,873.62953918,2994.99390869,2462.98214823,1995.39439006,55.54623991651131,62.15340319000393,67.60746010830735,63.41104339411102,62.59891245660527,0.017364549956081016,0.04547457465480596,0.06976565482056885,0.05036663945875781,0.051008609712574336,0.6767482,1,0.006639568718085854,1.29999490762485
110,2026-04-21 00:00:00+00:00,75848.3,77169.6,74850.0,76351.9,2016.42495624,503.59999999999127,0.006639568718085798,0.008228045340742174,0.029398123805132403,0.9745773745398474,1.1623381368343173,61.48969618718073,73210.61677504958,0.042907482047343896,0.02425741861040794,1.0,73827.6,75728.8,77117.4,75162.9,74810.1,76588.0,76274.6,77432.1,78343.6,75500.0,73637.3,73809.7,75500.0,74569.8,73310.6,75848.3,73827.6,75728.8,77117.4,75162.9,2020.699999999997,-1901.199999999997,-1388.5999999999913,1954.5,352.79999999998836,1806.24256924,1154.32176776,873.62953918,2994.99390869,2462.98214823,60.368487380626775,55.54623991651131,62.15340319000393,67.60746010830735,63.41104339411102,0.040729232083818324,0.017364549956081016,0.04547457465480596,0.06976565482056885,0.05036663945875781,0.8307775,1,0.02425741861040794,1.3315294282905046
111,2026-04-22 00:00:00+00:00,76350.3,79490.7,76151.3,78204.0,2385.07653286,1853.699999999997,0.024257418610407866,0.05927864375924452,0.04536686891208541,0.9838132007895264,1.1797610427226648,65.36996791516837,73686.17708218771,0.06131167468185002,0.0010178507493223596,1.0,75848.3,73827.6,75728.8,77117.4,75162.9,77169.6,76588.0,76274.6,77432.1,78343.6,74850.0,73637.3,73809.7,75500.0,74569.8,76351.9,75848.3,73827.6,75728.8,77117.4,503.59999999999127,2020.699999999997,-1901.199999999997,-1388.5999999999913,1954.5,2016.42495624,1806.24256924,1154.32176776,873.62953918,2994.99390869,61.48969618718073,60.368487380626775,55.54623991651131,62.15340319000393,67.60746010830735,0.042907482047343896,0.040729232083818324,0.017364549956081016,0.04547457465480596,0.06976565482056885,0.4651793,0,0.0,1.3315294282905046
112,2026-04-23 00:00:00+00:00,78204.0,78690.1,76984.3,78283.6,1348.27125024,79.60000000000582,0.0010178507493223687,0.03210750933112538,0.04151915373142878,0.9848145757931432,1.1751118316370952,65.53071783063623,74124.02688388413,0.05611639425137925,-0.010584592430598564,0.0,76350.3,75848.3,73827.6,75728.8,77117.4,79490.7,77169.6,76588.0,76274.6,77432.1,76151.3,74850.0,73637.3,73809.7,75500.0,78204.0,76351.9,75848.3,73827.6,75728.8,1853.699999999997,503.59999999999127,2020.699999999997,-1901.199999999997,-1388.5999999999913,2385.07653286,2016.42495624,1806.24256924,1154.32176776,873.62953918,65.36996791516837,61.48969618718073,60.368487380626775,55.54623991651131,62.15340319000393,0.06131167468185002,0.042907482047343896,0.040729232083818324,0.017364549956081016,0.04547457465480596,0.52472806,0,-0.0,1.3315294282905046
113,2026-04-24 00:00:00+00:00,78283.1,78580.7,77282.6,77455.0,1515.52816204,-828.1000000000058,-0.010584592430598616,0.014447577597938022,0.004377740950810116,0.9743907148886599,1.1626737518388424,62.289350814047054,74441.26241875232,0.040484772602251015,0.002498224775676199,1.0,78204.0,76350.3,75848.3,73827.6,75728.8,78690.1,79490.7,77169.6,76588.0,76274.6,76984.3,76151.3,74850.0,73637.3,73809.7,78283.6,78204.0,76351.9,75848.3,73827.6,79.60000000000582,1853.699999999997,503.59999999999127,2020.699999999997,-1901.199999999997,1348.27125024,2385.07653286,2016.42495624,1806.24256924,1154.32176776,65.53071783063623,65.36996791516837,61.48969618718073,60.368487380626775,55.54623991651131,0.05611639425137925,0.06131167468185002,0.042907482047343896,0.040729232083818324,0.017364549956081016,0.6307931,1,0.002498224775676199,1.3348558880978019
114,2026-04-25 00:00:00+00:00,77455.0,77876.3,77145.3,77648.5,464.66865149,193.5,0.0024982247756761833,-0.007103217226740344,0.025349668818203774,0.9768249619137837,1.1463588194564398,62.75268988320258,74746.71361696639,0.038821591513756554,0.012946805153995286,1.0,78283.1,78204.0,76350.3,75848.3,73827.6,78580.7,78690.1,79490.7,77169.6,76588.0,77282.6,76984.3,76151.3,74850.0,73637.3,77455.0,78283.6,78204.0,76351.9,75848.3,-828.1000000000058,79.60000000000582,1853.699999999997,503.59999999999127,2020.699999999997,1515.52816204,1348.27125024,2385.07653286,2016.42495624,1806.24256924,62.289350814047054,65.53071783063623,65.36996791516837,61.48969618718073,60.368487380626775,0.040484772602251015,0.05611639425137925,0.06131167468185002,0.042907482047343896,0.040729232083818324,0.64852804,1,0.012946805153995286,1.3521380071896676
115,2026-04-26 00:00:00+00:00,77648.5,78964.8,77356.2,78653.8,726.37495163,1005.3000000000029,0.012946805153995378,0.004728959833221635,0.06537121618473307,0.9894717243652403,1.1612005037285065,65.1485174976678,75118.81708201721,0.04705855410533399,-0.016262405630751545,0.0,77455.0,78283.1,78204.0,76350.3,75848.3,77876.3,78580.7,78690.1,79490.7,77169.6,77145.3,77282.6,76984.3,76151.3,74850.0,77648.5,77455.0,78283.6,78204.0,76351.9,193.5,-828.1000000000058,79.60000000000582,1853.699999999997,503.59999999999127,464.66865149,1515.52816204,1348.27125024,2385.07653286,2016.42495624,62.75268988320258,62.289350814047054,65.53071783063623,65.36996791516837,61.48969618718073,0.038821591513756554,0.040484772602251015,0.05611639425137925,0.06131167468185002,0.042907482047343896,0.719577,1,-0.016262405630751545,1.330148990447993
116,2026-04-27 00:00:00+00:00,78653.8,79481.2,76480.4,77374.7,2180.49916282,-1279.1000000000058,-0.016262405630751542,-0.0010367310050998224,0.02012437984766957,0.9733805338234536,1.0980570523564146,59.87165905502455,75333.66307420605,0.02709329192957814,-0.013477273579089843,0.0,77648.5,77455.0,78283.1,78204.0,76350.3,78964.8,77876.3,78580.7,78690.1,79490.7,77356.2,77145.3,77282.6,76984.3,76151.3,78653.8,77648.5,77455.0,78283.6,78204.0,1005.3000000000029,193.5,-828.1000000000058,79.60000000000582,1853.699999999997,726.37495163,464.66865149,1515.52816204,1348.27125024,2385.07653286,65.1485174976678,62.75268988320258,62.289350814047054,65.53071783063623,65.36996791516837,0.04705855410533399,0.038821591513756554,0.040484772602251015,0.05611639425137925,0.06131167468185002,0.77118963,1,-0.013477273579089843,1.3122222086027753
117,2026-04-28 00:00:00+00:00,77374.7,77799.0,75652.1,76331.9,1632.88839135,-1042.800000000003,-0.013477273579089899,-0.016955897409480003,-0.0002619450203596996,0.9602620180725544,1.0832582370563582,55.89665195184182,75428.73325761501,0.01197377581962516,-0.007619357044695485,0.0,78653.8,77648.5,77455.0,78283.1,78204.0,79481.2,78964.8,77876.3,78580.7,78690.1,76480.4,77356.2,77145.3,77282.6,76984.3,77374.7,78653.8,77648.5,77455.0,78283.6,-1279.1000000000058,1005.3000000000029,193.5,-828.1000000000058,79.60000000000582,2180.49916282,726.37495163,464.66865149,1515.52816204,1348.27125024,59.87165905502455,65.1485174976678,62.75268988320258,62.289350814047054,65.53071783063623,0.02709329192957814,0.04705855410533399,0.038821591513756554,0.040484772602251015,0.05611639425137925,0.8375735,1,-0.007619357044695485,1.3022239190734517
118,2026-04-29 00:00:00+00:00,76331.9,77888.0,74940.0,75750.3,1865.5271538,-581.5999999999913,-0.007619357044695518,-0.036914936087004024,-0.03137563295995083,0.9529454389003997,1.07420264699501,53.75312763851029,75459.35866165167,0.0038556031154845915,0.007428353419062328,1.0,77374.7,78653.8,77648.5,77455.0,78283.1,77799.0,79481.2,78964.8,77876.3,78580.7,75652.1,76480.4,77356.2,77145.3,77282.6,76331.9,77374.7,78653.8,77648.5,77455.0,-1042.800000000003,-1279.1000000000058,1005.3000000000029,193.5,-828.1000000000058,1632.88839135,2180.49916282,726.37495163,464.66865149,1515.52816204,55.89665195184182,59.87165905502455,65.1485174976678,62.75268988320258,62.289350814047054,0.01197377581962516,0.02709329192957814,0.04705855410533399,0.038821591513756554,0.040484772602251015,0.91458535,1,0.007428353419062328,1.3118972985750856
